position,A,C,G,U
1,6.743743713974899,-3.9155805213537427,-6.845917924538789,14.427065282191712
2,5.959964662527035,-1.5450715803212933,-1.0306231962472046,7.0250406643155445
3,5.1588027174385624,-0.07164977311969803,1.5352716586112032,3.7868859473440146
4,4.342638268331921,1.027275964437401,1.9422040176651791,3.0971922998395804
5,3.190066864204994,1.5489548179979729,1.39360054731829,4.276688320752825
6,1.5354233736415968,1.6146147786202407,2.3002995004797793,4.958972897532465
7,4.789414067076748,-1.4587956595562928,1.731627396365628,5.347064746387999
8,2.987132647506095,2.2865683300074418,1.3724660674514266,3.763143505309119
9,2.4938878792620867,2.9112050361243376,1.440747433345686,3.5634702015419717
10,5.7519220663237425,1.190638484189762,2.3046204981808645,1.1621295015797128
11,3.36168441000985,1.5701757178188582,1.2785467818640617,4.198903640581313
12,3.189050949634384,2.366257129832566,1.4763908632710823,3.37761160753605
13,4.15481314026115,1.6465325483055897,0.8480025709279332,3.759962290779409
14,4.413059968420786,2.5731176931091846,-1.2190090937974054,4.642141982541517
15,2.4269354602163387,3.167926071984634,2.0631631466442237,2.7512858714288857
16,4.1224354243760635,2.2446738567411426,1.5697148113974089,2.472486457759467
17,3.000803324010617,2.6601963592248765,1.1224915493350915,3.625819317703497
18,-1.1328003885521987,6.080152733471865,3.110306047751518,2.3516521576028984
19,-4.016708191328228,8.015387411418065,6.3922027045619885,0.01842862562225797
