tool,comparison_role,axis,cohort,stratum,stratum_value,pearson_r_mean,pearson_r_std,pearson_r_count,spearman_rho_mean,spearman_rho_std,spearman_rho_count,r2_mean,r2_std,r2_count,mse_mean,mse_std,mse_count,mae_mean,mae_std,mae_count,rmse_mean,rmse_std,rmse_count,replicate_count,n_min,n_max,target_groups_min,target_groups_max
sirbench_reference,primary_comparator,grouped,hela_aligned,cell_line,hela,0.5817714218004986,0.016898734082235307,5,0.5794833106311279,0.020996920990285294,5,0.2745612875228989,0.009489915300651686,5,0.03660221113030952,0.00047881630449129456,5,0.15307893025079253,0.0016584486849845624,5,0.1913137552729238,0.0012540801815139838,5,5,896,896,45,45
sirbench_reference,primary_comparator,grouped,hela_aligned,source,Shabalina,0.3705297324736757,0.017465961955008918,5,0.3423890721676698,0.020417328837567496,5,0.04615970732661843,0.010018009657380509,5,0.04636772235420165,0.00048699168393611704,5,0.1717590257970862,0.0017106794861765032,5,0.21532928537154908,0.001129831613353569,5,5,204,204,42,42
sirbench_reference,primary_comparator,grouped,hela_aligned,source,Takayuki,0.5828952553855273,0.027618387744437718,5,0.5831020046663763,0.0321841170620281,5,0.29667955143625796,0.01977678331926353,5,0.028755074389214062,0.0008085686640934491,5,0.13494313239765748,0.0022881388162735326,5,0.16955965350902683,0.0023974703107720774,5,5,611,611,1,1
sirbench_reference,primary_comparator,grouped,hela_aligned,source,harborth,0.5283023353724747,0.06571629552331915,5,0.7056465530622255,0.05468376340583974,5,-6.095167975883885,0.4531273014701401,5,0.1065432067952615,0.006804297791004407,5,0.3167974913166212,0.00947424844179267,5,0.32627509282466,0.010474409143299794,5,5,39,39,1,1
sirbench_reference,primary_comparator,grouped,hela_aligned,source,ui-tei,0.9211067589925909,0.010531568351676159,5,0.8682305337066225,0.020304656902132262,5,0.6483414778877069,0.047936576947474274,5,0.03838167370655247,0.0052320246469655645,5,0.17415533775684672,0.013243128756986133,5,0.1955534804762717,0.013252828951250465,5,5,42,42,3,3
sirbench_reference,primary_comparator,grouped,hela_full,cell_line,hela,0.5979537083696765,0.015459073523338338,5,0.596252115486111,0.017829989863053466,5,0.26220271417984076,0.014415362469228081,5,0.038572587322453805,0.0007536458026014731,5,0.16002720594736286,0.002306378635510474,5,0.19639152530277282,0.001922274598021655,5,5,1047,1047,45,45
sirbench_reference,primary_comparator,grouped,hela_full,source,Shabalina,0.35145662958589985,0.021617917429096592,5,0.31198293418005163,0.02245378195082218,5,-0.01003407142007091,0.019091432605786583,5,0.0496087468509888,0.0009376931669558309,5,0.18193780175963567,0.0025814139443794378,5,0.22272223469678237,0.002107434061895766,5,5,249,249,42,42
sirbench_reference,primary_comparator,grouped,hela_full,source,Takayuki,0.6242034848195965,0.026277869330431428,5,0.626117319676718,0.028911674290096778,5,0.31305892160102766,0.017915683601198638,5,0.030347392586289785,0.0007914714970379943,5,0.14150685180943806,0.0022865951131979343,5,0.17419301557269243,0.002287441797489913,5,5,702,702,1,1
sirbench_reference,primary_comparator,grouped,hela_full,source,harborth,0.5181018206547604,0.058762651628550884,5,0.6804325354810175,0.04504323407311611,5,-6.79517426196457,0.5403543733214292,5,0.11111183412369285,0.007702171045676046,5,0.3236304657059689,0.010535767948243374,5,0.3331725428481911,0.011613075376656875,5,5,44,44,1,1
sirbench_reference,primary_comparator,grouped,hela_full,source,ui-tei,0.9221472297651738,0.010360518254433583,5,0.844615848547374,0.01740176196615388,5,0.6657388696567068,0.05040654718270311,5,0.03538712814798091,0.005336375613938776,5,0.1667004139894515,0.01544918338931316,5,0.18769097947692656,0.014107815696132158,5,5,52,52,3,3
sirbench_reference,primary_comparator,grouped,test,cell_line,h1299,0.638069550161403,,1,0.6508056531157413,,1,0.35608922734593007,,1,0.014506540024703104,,1,0.09526274350174466,,1,0.12044309870101776,,1,1,2361,2361,29,29
sirbench_reference,primary_comparator,grouped,test,cell_line,halacat,0.43005185861666007,,1,0.44544601769178926,,1,0.1744893210973555,,1,0.0737341768963137,,1,0.25409957849284565,,1,0.2715403780219688,,1,1,46,46,4,4
sirbench_reference,primary_comparator,grouped,test,cell_line,hek293,0.5410813848338787,,1,0.5842513900539896,,1,-0.32316453727632277,,1,0.0767483080204712,,1,0.2496411732722444,,1,0.27703484983025367,,1,1,190,190,3,3
sirbench_reference,primary_comparator,grouped,test,cell_line,hek293t,0.5573132467061761,,1,0.5723812118900629,,1,0.2286320072527337,,1,0.06199454549133531,,1,0.21268201229068717,,1,0.24898703880189288,,1,1,56,56,5,5
sirbench_reference,primary_comparator,grouped,test,cell_line,hep3b,0.42722139668116305,,1,0.34219286799264925,,1,-0.009363810614054557,,1,0.03281273099154493,,1,0.15818237184669579,,1,0.18114284692348448,,1,1,322,322,6,6
sirbench_reference,primary_comparator,grouped,test,cell_line,t24,0.5627982827487219,,1,0.5890287304213417,,1,0.2787903285771056,,1,0.04344263143695102,,1,0.17322042031515364,,1,0.20842896016856924,,1,1,76,76,2,2
sirbench_reference,primary_comparator,grouped,test,source,Huesken,0.638069550161403,,1,0.6508056531157413,,1,0.35608922734593007,,1,0.014506540024703104,,1,0.09526274350174466,,1,0.12044309870101776,,1,1,2361,2361,29,29
sirbench_reference,primary_comparator,grouped,test,source,Simone,0.42722139668116305,,1,0.34219286799264925,,1,-0.009363810614054557,,1,0.03281273099154493,,1,0.15818237184669579,,1,0.18114284692348448,,1,1,322,322,6,6
sirbench_reference,primary_comparator,grouped,test,source,amarz,0.43005185861666007,,1,0.44544601769178926,,1,0.1744893210973555,,1,0.0737341768963137,,1,0.25409957849284565,,1,0.2715403780219688,,1,1,46,46,4,4
sirbench_reference,primary_comparator,grouped,test,source,hsieh,0.5573132467061761,,1,0.5723812118900629,,1,0.2286320072527337,,1,0.06199454549133531,,1,0.21268201229068717,,1,0.24898703880189288,,1,1,56,56,5,5
sirbench_reference,primary_comparator,grouped,test,source,khvorova,0.6698802578558615,,1,0.6483516483516484,,1,0.288099860375319,,1,0.07276382177113838,,1,0.2454565949808867,,1,0.2697477002147347,,1,1,14,14,1,1
sirbench_reference,primary_comparator,grouped,test,source,reynolds,0.5404665625451167,,1,0.5832038946529476,,1,-0.46468680794691797,,1,0.07706525579030449,,1,0.2499740374545115,,1,0.2776062963808719,,1,1,176,176,2,2
sirbench_reference,primary_comparator,grouped,test,source,vickers,0.5627982827487219,,1,0.5890287304213417,,1,0.2787903285771056,,1,0.04344263143695102,,1,0.17322042031515364,,1,0.20842896016856924,,1,1,76,76,2,2
