true,pred
0.38,0.6033272749111217
0.36,0.46191773497631344
0.32,0.4202232007925985
0.37,0.5332408663400208
0.33,0.5155911725246225
0.38,0.5303880982971797
0.21,0.3758923331537765
0.35,0.49924782185412625
0.34,0.4115941563345207
0.33,0.36502952210324097
0.22,0.4145746298393674
0.27,0.39899638533704973
0.38,0.3834182066699438
0.31,0.5031157910359729
0.35,0.5809884766824353
0.3,0.5998966452982898
0.33,0.5148599275215989
0.36,0.30950059713152267
0.37,0.3363576818512595
0.37,0.5855366796972367
0.1,0.31490862080623383
0.18,0.3692962754526016
0.32,0.3875944165464977
0.33,0.48499791153788735
0.38,0.4957249654631834
0.32,0.4240233757448855
0.37,0.4789958658798197
0.25,0.4500363682785459
0.19,0.44059852748617134
0.38,0.47413040168595716
0.19,0.2985270872055912
0.3,0.28871345994701414
0.22,0.3451665986789325
0.33,0.419932036671557
0.33,0.2959229849027555
0.31,0.4514224174607556
0.34,0.44880981702098094
0.28,0.44228181167310027
0.32,0.5061765031104087
0.31,0.406664729424776
0.37,0.4067331116238377
0.25,0.4777948943419059
0.26,0.4105794809472123
0.25,0.465413587197939
0.34,0.449745700781569
0.25,0.5350084391612167
0.26,0.486597731709311
0.27,0.34998204831718016
0.24,0.40407113615739887
0.18,0.3764087614298134
0.37,0.3451860435642196
0.27,0.3210491430415505
0.32,0.3936851490119736
0.31,0.45592792918967207
0.26,0.4258772360816785
0.33,0.34372964367765707
0.38,0.5708404237255559
0.35,0.5012354429071214
0.28,0.49111994498615213
0.34,0.47973396468420526
0.35,0.5113513341980235
0.37,0.45935074752602056
0.36,0.5266822462779785
0.32,0.3184053629018572
0.28,0.4656136395367641
0.36,0.3561990739258804
0.37,0.5054572964541381
0.37,0.34427794552687646
0.32,0.47350679624871406
0.25,0.4610032668676036
0.32,0.36540101757378773
0.29,0.4427774729439767
0.34,0.4511182602445773
0.21,0.3626751628310834
0.3,0.4669898959438914
0.18,0.37004530290060367
0.37,0.5924855996680016
0.35,0.3782911178770271
0.38,0.42899510361977405
0.37,0.4148716366027571
0.28,0.3586465091518661
0.31,0.340373354440459
0.29,0.36045113890183594
0.27,0.3394567472016395
0.38,0.37400346439477344
0.34,0.4450289291480397
0.24,0.3438187108642686
0.28,0.40510823657364764
0.35,0.5128236885856672
0.37,0.4313085399782348
0.33,0.5019924884689241
0.33,0.29033674110800156
0.24,0.33978556775177066
0.25,0.5379124946672775
0.24,0.4042035012515502
0.19,0.396447518192985
0.27,0.37035450523871627
0.34,0.4182957841321525
0.29,0.40149310793226306
0.29,0.426444425543746
0.35,0.573507571789309
0.35,0.40991685265309946
0.27,0.5517541220936837
0.34,0.523580099938532
0.37,0.3740671018379859
0.2,0.33383855117075467
0.33,0.3358636161950055
0.38,0.35972233993801683
0.3,0.46296288157195375
0.31,0.40324254251086894
0.25,0.3979489604404737
0.37,0.43277333217117414
0.18,0.32622941717110815
0.24,0.38515892117486866
0.2,0.48268697446973147
0.3,0.5488576840297029
0.34,0.46425833701139235
0.35,0.3742974225616572
0.35,0.44663691565472463
0.25,0.5345229897683106
0.31,0.3768604175691729
0.26,0.6269273964416574
0.27,0.35852435238534014
0.3,0.3915807540202472
0.33,0.46055063764332765
0.26,0.37014652088554434
0.36,0.3488799297201715
0.26,0.44530406531898675
0.3,0.3629457588092576
0.35,0.4719741491757291
0.28,0.43769097961935904
0.24,0.37021914661859157
0.38,0.6076672973679602
0.24,0.3327844467430447
0.34,0.4266904496998812
0.29,0.36656025174564416
0.25,0.4671191076318979
0.06,0.35660777364769486
0.29,0.5196475868978792
0.31,0.5985988554257684
0.28,0.5443539104651635
0.31,0.34838598662997666
0.37,0.40850222033151795
0.29,0.42639350184745867
0.35,0.4567576330700511
0.32,0.45009004483044013
0.33,0.5328696141031368
0.36,0.36956581018143947
0.37,0.45418643632790784
0.24,0.7249675956435809
0.38,0.5505216878327694
0.38,0.3810784386971328
0.01,0.32794185991327174
0.33,0.31147353955071894
0.27,0.4629826499742173
0.36,0.5547780628292033
0.32,0.42286252209989394
0.38,0.5260699396601795
0.29,0.3371640834663023
0.25,0.40325162992958674
0.32,0.3166283056855046
0.38,0.4343327771069877
0.1,0.2599609057865474
0.26,0.4775759650591128
0.3,0.4364248792588508
0.35,0.49323653061788175
0.26,0.3294526043571928
0.27,0.3071744109812809
0.33,0.39334766779791436
0.27,0.386118682337817
0.37,0.34342818713363016
0.35,0.4901608839143092
0.25,0.34661329620758946
0.31,0.50503384120182
0.32,0.4475418975605098
0.35,0.3960694277851837
0.36,0.40574189879118505
0.36,0.37735398333669407
0.37,0.5021145839260418
0.24,0.32233677186038423
0.31,0.4078971804526831
0.38,0.5559928269945466
0.27,0.5620683649507153
0.17,0.516030706448021
0.15,0.35598011331443175
0.27,0.34872327649394724
0.33,0.44139814342098604
0.35,0.44840536151181304
0.36,0.43060770688752353
0.35,0.5074275847417777
0.33,0.32994165729303143
0.36,0.5375023928866107
0.38,0.413889330786823
0.29,0.3783013606227654
0.33,0.4814924038110566
0.3,0.43187298807365554
0.32,0.3682568587458236
0.26,0.2730567714887748
0.35,0.46291100135741153
0.32,0.47712033367620904
0.14,0.2994372926672027
0.26,0.3860201766205602
0.29,0.4543112471544806
0.27,0.388852269624
0.36,0.46720243288744356
0.29,0.355304662481196
0.37,0.5810462801145941
0.37,0.40799153923658293
0.29,0.4968939048470689
0.3,0.49303062455562596
0.35,0.35156043325058006
0.28,0.40578577490957485
0.28,0.4156276750089686
0.35,0.5015317343166504
0.33,0.40704063634224
0.35,0.37453157147653454
0.29,0.4976535990229569
0.34,0.3369022356922607
0.38,0.38057533101887775
0.16,0.4567266036740898
0.24,0.3969713855151347
0.37,0.525379501741989
0.33,0.4801994729168061
0.37,0.43731844290500005
0.32,0.43535226946962796
0.37,0.29535926103059956
0.34,0.4367765514169261
0.28,0.3889652923204225
0.31,0.3677476958561759
0.29,0.5477714173088924
0.36,0.4145039406645623
0.33,0.3349355575521903
0.22,0.40281873123313977
0.27,0.5125088173284214
0.35,0.45241776840551595
0.26,0.4272237596580878
0.34,0.5216948404291065
0.32,0.4284502463545056
0.29,0.36835684058697693
0.24,0.4864622453417024
0.32,0.36860928572571233
0.34,0.40236487014216105
0.33,0.33772281403945187
0.35,0.3501424909761812
0.0,0.40413909247412566
0.27,0.3685190006878818
0.18,0.3225033642187407
0.35,0.46159332811426024
0.29,0.37358966540127886
0.38,0.4032921422237776
0.38,0.4506544091074522
0.37,0.4271400007598612
0.36,0.33945295005696635
0.32,0.4434095036128012
0.35,0.5301372322188053
0.29,0.5527652521145154
0.32,0.27518151637582944
0.38,0.4458515456269734
0.26,0.3610517320895166
0.0,0.23724015147814995
0.37,0.4510691685143084
0.35,0.3321590115983357
0.36,0.4284722828968098
0.01,0.31445486485804414
0.34,0.35070786503529483
0.33,0.43591257761796814
0.26,0.41911378404206073
0.38,0.5410736889681347
0.37,0.45424894208899164
0.35,0.4273426247532197
0.29,0.39839658638546926
0.38,0.39204913022446664
0.38,0.4084309223728658
0.22,0.4477021232558004
0.33,0.467831279961264
0.35,0.35465019707925594
0.31,0.3235577677600306
0.08,0.410057374564814
0.34,0.4458438987506691
0.36,0.40569119235956747
0.33,0.5419210428428413
0.26,0.46729918286784555
0.3,0.44450838167481493
0.33,0.448480595508298
0.32,0.3916706547544454
0.25,0.342929526860651
0.24,0.4211136396191399
0.34,0.5160057695743363
0.33,0.31959358149550493
0.33,0.382180249736517
0.3,0.35970714583303365
0.38,0.4265763779478576
0.37,0.43725613127766066
0.35,0.5340185668260146
0.36,0.3841738596089209
0.36,0.47179862327922373
0.21,0.3476228598825613
0.31,0.3872688910021632
0.34,0.4184634698377762
0.32,0.41868419649778965
0.28,0.2586764321006238
0.26,0.5356918800395962
0.33,0.4613656572025928
0.2,0.39592128638729146
0.3,0.415881720359111
0.27,0.3679423522266932
0.3,0.45742444246936165
0.31,0.46811721417419627
0.37,0.46904876928285155
0.38,0.39824311817890495
0.32,0.39833437232154395
0.29,0.3955093829158212
0.21,0.4388448708574434
0.19,0.36746801554634184
0.31,0.3530060590776722
0.33,0.5951914265089248
0.34,0.5391605639674789
0.31,0.3447108402181372
0.38,0.48349439757635426
0.12,0.38434610013690385
0.36,0.4730750621074962
0.37,0.3775247721916835
0.32,0.5922595443694794
0.37,0.4183035016977726
0.31,0.5444271419679392
0.33,0.41850303296223196
0.16,0.42394169166464457
0.11,0.3984395193520299
0.28,0.40043906649926414
0.33,0.3130424130580948
0.3,0.5580080733490482
0.25,0.36351184240799267
0.09,0.3462993100600871
0.34,0.4714696345178164
0.29,0.7282469800057852
0.31,0.3125489434399785
0.35,0.3708200031909238
0.27,0.4432129154679685
0.3,0.48663877257780624
0.19,0.4030690999697731
0.34,0.4551215998723358
0.36,0.5494619221834754
0.36,0.5057638859761548
0.31,0.40887352783278325
0.35,0.4170696364717686
0.1,0.37583730376190194
0.3,0.34803572834218455
0.37,0.3683375817729968
0.28,0.3651553999420384
0.38,0.4639908928788246
0.27,0.3774282500926257
0.32,0.4448128403410247
0.35,0.42662555232667826
0.26,0.35378009380809394
0.21,0.3127613434376048
0.37,0.4730193621257972
0.27,0.3515689065261307
0.26,0.3507428753029833
0.35,0.29263374068368225
0.36,0.3723299239739128
0.32,0.2666926992948306
0.23,0.4112951534986144
0.25,0.45159228565498594
0.38,0.45439540794830807
0.22,0.31439399833091686
0.35,0.5917388349423752
0.34,0.4891613239676746
0.17,0.44974548155641214
0.17,0.33561001665132284
0.33,0.3539922268067728
0.38,0.34051686616005805
0.29,0.38366738012560286
0.32,0.511714509678899
0.37,0.4040361181165514
0.35,0.424370103998423
0.25,0.44980839400852896
0.3,0.3521356131265981
0.37,0.322456547657449
0.29,0.47218285869602494
0.37,0.49740039182138923
0.3,0.4295826574494501
0.24,0.4375027978972669
0.33,0.3679176805731878
0.25,0.39535731207874775
0.35,0.5075498335369676
0.38,0.46966362205011447
0.24,0.4570186711598034
0.3,0.33640620040269864
0.27,0.36696297351804724
0.28,0.39980668812987713
0.37,0.5013136827535776
0.36,0.4723287790899359
0.36,0.6017854586301811
0.33,0.5556319583585237
0.32,0.5835116100358269
0.28,0.40850950744908066
0.26,0.5402842657968322
0.35,0.5241009265880973
0.33,0.3964436531534009
0.33,0.40734295028799844
0.28,0.45667959004567166
0.28,0.4854396425518087
0.37,0.4146847132960381
0.26,0.4584649812212547
0.35,0.3726331034267631
0.37,0.6152177029532017
0.33,0.3497099839349743
0.2,0.3538072874868575
0.19,0.3168236840453639
0.24,0.3767784420762906
0.34,0.5586106194087544
0.36,0.34181069071052855
0.3,0.48247159037380827
0.19,0.3735800225997191
0.12,0.4007265075712049
0.37,0.5010673545642514
0.38,0.30704281084577284
0.32,0.3462687895485069
0.22,0.3982040560674291
0.33,0.43615679847452477
0.35,0.5515587914809734
0.19,0.37692075090592825
0.35,0.36370990627045485
0.35,0.4970050055501411
0.35,0.4345186504232383
0.37,0.3890709649662845
0.41,0.43925040930705816
0.46,0.5356145216824088
0.4,0.4682424456676645
0.39,0.46130748203780453
0.46,0.44406978861885243
0.42,0.39190389225735034
0.44,0.4782172879732714
0.39,0.5603518055806466
0.41,0.48333824967646327
0.46,0.6139849516809034
0.42,0.5621303649041907
0.45,0.5209366462614164
0.46,0.5010443346944493
0.41,0.4365000998015865
0.47,0.5263721269148262
0.39,0.4811489901668318
0.4,0.44829886242885864
0.47,0.45880444949622157
0.4,0.4490594346737996
0.42,0.45523305337360986
0.38,0.4262469619296653
0.45,0.5602629191054868
0.4,0.5398998138051021
0.42,0.41890267830987193
0.45,0.5351496971001325
0.44,0.48651826279292926
0.41,0.4503872640857002
0.39,0.43903056116067973
0.42,0.6906334074843243
0.44,0.49267261942201873
0.41,0.4326744360923819
0.39,0.37426085516420843
0.4,0.5886333798049321
0.46,0.5300478555574191
0.47,0.583579994008802
0.4,0.49463417885276567
0.39,0.4839354201859954
0.39,0.5088863502424968
0.42,0.5400465692349922
0.46,0.5251254030368522
0.42,0.37133614908756113
0.44,0.4285791772646974
0.47,0.4501512591153123
0.47,0.4075081552862141
0.42,0.49877058795902085
0.46,0.5766073940864109
0.44,0.4045253985501858
0.43,0.5952047597710761
0.43,0.4581351187141716
0.38,0.4592649653634017
0.41,0.5333940242827839
0.46,0.6190343306696495
0.45,0.5405629667000613
0.45,0.5022215224253265
0.39,0.5048124176654221
0.47,0.36899992307798407
0.47,0.4268292680402735
0.47,0.6481080490990414
0.47,0.45496460950772316
0.46,0.5748109410067875
0.39,0.5079473756963547
0.39,0.5362350162089189
0.42,0.5433762676402883
0.46,0.6110808716886281
0.46,0.45974989347022416
0.43,0.3822229641664623
0.42,0.43335229610543274
0.4,0.4974552598749721
0.4,0.6039794499857157
0.4,0.5291708275318856
0.41,0.478296366640304
0.46,0.37556122658434216
0.47,0.6089790322366703
0.45,0.3401370336900366
0.41,0.3722359907265075
0.47,0.3759849189534945
0.44,0.45726680833384953
0.38,0.44427391944134303
0.44,0.5938186381992856
0.42,0.649911737393959
0.45,0.4949372641753213
0.39,0.39007998574106423
0.38,0.3750862015978976
0.42,0.4176373047190828
0.4,0.4572674866044674
0.4,0.4117906873327673
0.39,0.34967456594149043
0.44,0.44972293796691987
0.42,0.5304989755961897
0.41,0.5331987871607793
0.4,0.5562717367104791
0.41,0.6319228588558978
0.39,0.3986887305057506
0.43,0.45780783258085633
0.38,0.3787479668078414
0.47,0.5348868404582287
0.47,0.5325198388382306
0.44,0.4112307084074111
0.42,0.41062040955506746
0.42,0.5766339472789925
0.47,0.4326024866882955
0.43,0.3614289133007653
0.45,0.4548128743614686
0.41,0.5337031682605293
0.41,0.5464996313982919
0.45,0.4430917133210175
0.47,0.4837418949648617
0.46,0.46945342623649533
0.44,0.513815912402989
0.41,0.4262506198506591
0.43,0.5419399984812349
0.42,0.4479885619365452
0.39,0.5042113852311961
0.44,0.4620749980924501
0.45,0.5475375295508371
0.42,0.4499196083137032
0.42,0.454150446194447
0.42,0.5355223922422466
0.45,0.6238012242691988
0.41,0.3376637005212572
0.45,0.40204031355340636
0.47,0.6207541172167459
0.43,0.3314271852016663
0.46,0.4784742946159356
0.43,0.5518182912118912
0.45,0.31055135298458997
0.41,0.46946332220251547
0.44,0.4042270090603751
0.41,0.4082523517028194
0.41,0.3340226664938068
0.47,0.5353871371249365
0.38,0.3569315490758221
0.44,0.36457960799566835
0.41,0.5207839554350064
0.4,0.43117507453873255
0.47,0.5152470135330368
0.44,0.5027399798845459
0.46,0.5644644966823544
0.43,0.6313551120703191
0.39,0.4922251670454476
0.46,0.4431802699651597
0.41,0.33526859664474
0.39,0.6558921296918632
0.43,0.39700597480965033
0.47,0.48457644741167033
0.41,0.5558638669238617
0.43,0.48031969295143645
0.47,0.481927184726948
0.39,0.3384096540062061
0.45,0.39227240013379144
0.4,0.5175487703076549
0.41,0.4539519484905011
0.45,0.48779709406626837
0.43,0.5229437294575411
0.39,0.44560767013229635
0.46,0.538946770113687
0.47,0.5789321208478192
0.39,0.3802645895094995
0.46,0.5211170416400607
0.46,0.46680641277121915
0.45,0.4420873948769527
0.46,0.42513907358851566
0.4,0.5504370125517964
0.44,0.4102600975080151
0.47,0.4621642863391796
0.44,0.4636385437661609
0.4,0.6190944282972037
0.47,0.4047863441380032
0.42,0.5244398013622006
0.39,0.35800842404904315
0.43,0.6454092350320247
0.41,0.562234090921556
0.38,0.38433864023214714
0.41,0.40446070358836006
0.42,0.5732890453417799
0.4,0.5497207684882369
0.46,0.4640705646712604
0.47,0.45330655228871614
0.44,0.46589302348558304
0.4,0.4967897912249463
0.4,0.4775698397320139
0.47,0.4675276187356805
0.41,0.6056969258973016
0.43,0.48313633442123005
0.47,0.4608264959292041
0.39,0.46573598271314515
0.47,0.46867167610443455
0.46,0.39649167274046665
0.4,0.3621096357234796
0.44,0.4341588407946841
0.41,0.5182411029047903
0.46,0.4413385134737777
0.39,0.43604207178732696
0.39,0.3561231056330751
0.41,0.5816700756757437
0.45,0.5753567714365108
0.4,0.40444386827535084
0.47,0.3664513193178156
0.39,0.41425340067401056
0.45,0.5451647620389917
0.47,0.567649377075525
0.43,0.40722999390597214
0.39,0.4411135119775516
0.46,0.5148955049360805
0.4,0.48218394665119024
0.46,0.5305441802833782
0.47,0.42173013881045457
0.43,0.4882430337623889
0.4,0.4019909528782519
0.41,0.4864170338545232
0.44,0.632392229358015
0.47,0.4074588545717613
0.45,0.4525973589513005
0.43,0.475251130226874
0.47,0.5338859777367801
0.44,0.5696897715080725
0.46,0.4187845511593349
0.38,0.42511477856337354
0.45,0.5187824832261976
0.45,0.47012570542626436
0.4,0.4544759694132161
0.42,0.4823973051065199
0.39,0.43114948082451193
0.45,0.3571141235538099
0.45,0.4588402939126592
0.41,0.5003031376001644
0.46,0.5608688273573245
0.47,0.4855230258949683
0.41,0.5908615489001959
0.45,0.5700839169530678
0.4,0.6030592275543779
0.45,0.5131879363491363
0.45,0.4840469589175247
0.44,0.3672023755376613
0.41,0.6290788223999458
0.39,0.34634118021131965
0.47,0.5024495354306209
0.4,0.5069574505689782
0.4,0.5769910186673685
0.43,0.341908720056896
0.4,0.5033542656504147
0.41,0.5959884800327931
0.45,0.5093492731636103
0.45,0.5667179384981638
0.42,0.4629694527313674
0.47,0.4281189503637331
0.43,0.3814482096147014
0.45,0.3995924115192779
0.44,0.5030353939290384
0.4,0.371370077698643
0.47,0.4741134559109992
0.39,0.511330137675944
0.39,0.5712718696379877
0.45,0.38096006050093173
0.46,0.44751536050316904
0.46,0.5037552417261222
0.47,0.463138713294419
0.42,0.519922320695647
0.46,0.5216062662209552
0.47,0.48240946869341617
0.4,0.47056966042662135
0.38,0.47487867511444964
0.46,0.5456206887844892
0.47,0.5388798346130045
0.41,0.4387387080714648
0.42,0.39293466869491955
0.41,0.645725609878972
0.44,0.37271382869578534
0.45,0.40629475597076825
0.39,0.4433161564699184
0.42,0.559096796660183
0.46,0.5862992952212848
0.44,0.5509269024064261
0.44,0.6331503584019393
0.44,0.5477014463553201
0.41,0.4338704305311348
0.46,0.6133369493063711
0.43,0.4520898962689838
0.45,0.5152454413256184
0.4,0.41050422835843914
0.4,0.6350046757889009
0.45,0.5951222489185397
0.47,0.6227483419530921
0.46,0.4318829534362798
0.42,0.43089094989527543
0.42,0.421472302983657
0.39,0.5585270250171777
0.39,0.4001795338307331
0.42,0.3864355757881353
0.46,0.5162465622813718
0.45,0.5062877788524563
0.41,0.5766822895018097
0.43,0.45773261394769144
0.45,0.3903478309322199
0.43,0.5115996822232791
0.4,0.565968537809577
0.43,0.5469039754865166
0.46,0.563593364468505
0.45,0.5863015319705056
0.4,0.5058224496301866
0.41,0.35019435500307566
0.47,0.4864771407572486
0.43,0.40324226705041166
0.47,0.5427851292147201
0.42,0.6138625384267242
0.41,0.5655776862241962
0.39,0.6020832673225558
0.48,0.5835329100444661
0.39,0.41485226666712793
0.43,0.5374843801787168
0.44,0.53639428340124
0.46,0.5307777884192154
0.4,0.33553850498956084
0.47,0.48608628563711664
0.45,0.47885868193723496
0.4,0.5400926501249027
0.43,0.4980015197959911
0.44,0.5061530443297604
0.41,0.4073847946115494
0.38,0.4079163712829212
0.39,0.5372306959867236
0.42,0.49947467336746165
0.42,0.47462398791753696
0.4,0.5416590072608175
0.46,0.4638371804851496
0.42,0.6120222906856269
0.45,0.48318718017790907
0.4,0.499217970933002
0.44,0.36633893104715715
0.39,0.3273174043648974
0.47,0.42150091143421226
0.42,0.5655913862581676
0.39,0.46726516420053443
0.45,0.5282703419785828
0.4,0.5032580602737105
0.46,0.46330025841868805
0.41,0.4495116673012575
0.46,0.6498497016211945
0.45,0.5306219663091234
0.39,0.41972446128122937
0.42,0.4961762338503237
0.39,0.43142943088928937
0.46,0.4879517736769945
0.46,0.6073903517340806
0.44,0.45350732676637023
0.44,0.5014697039379339
0.4,0.5770098499551667
0.46,0.570484148806474
0.43,0.5444323268135196
0.42,0.4445759705697836
0.44,0.39260255595452026
0.4,0.4858439446415813
0.44,0.6861723050965607
0.4,0.41433778755460526
0.46,0.5621459758452592
0.43,0.3449377442112829
0.41,0.5565012085305923
0.44,0.44860852323213857
0.41,0.49370630505385155
0.4,0.4336104495080453
0.46,0.631920392035984
0.44,0.5380260902760424
0.42,0.4091786604282338
0.44,0.5432228520579888
0.45,0.45868834106692336
0.42,0.44781222304923357
0.46,0.48685839591016994
0.44,0.5050420425171686
0.39,0.5416169920128411
0.43,0.4594141735437349
0.41,0.4270573898447448
0.45,0.5532552634451621
0.46,0.37435545116091773
0.41,0.4567975169374516
0.39,0.44028857680233885
0.41,0.49413129171209974
0.47,0.5886022400280904
0.47,0.6455773249109761
0.45,0.5585986169266078
0.39,0.42197008207147213
0.46,0.5944569673477867
0.38,0.4069394105191015
0.45,0.4476698326936929
0.39,0.49768905620736686
0.43,0.5555347942851439
0.4,0.3186521222633576
0.45,0.548482956190185
0.45,0.4912426917343652
0.44,0.48772764036625327
0.47,0.5067564971538143
0.41,0.46951649520579564
0.47,0.466717600062124
0.41,0.46215916066700563
0.45,0.5103276058318271
0.42,0.4884209163135892
0.44,0.4293518360634455
0.39,0.566465788286686
0.43,0.5744055706732808
0.4,0.39070088910906536
0.39,0.5667628330629629
0.46,0.5775093731017503
0.4,0.5130852265785073
0.44,0.46402011162954404
0.42,0.5510804814225537
0.45,0.5052771664469008
0.43,0.36371483420609374
0.4,0.6225579794518775
0.42,0.5408375001213145
0.4,0.38313203718736477
0.39,0.3929978035083212
0.41,0.45244370912589466
0.46,0.6716468257631818
0.47,0.5451588401877411
0.4,0.632584726904576
0.45,0.4348900544915238
0.41,0.49162875152433494
0.47,0.6060318503060899
0.42,0.44290103202995806
0.4,0.4852062989835814
0.46,0.39316618398781417
0.47,0.6038443890218577
0.47,0.47997977587840995
0.45,0.3183764595119563
0.44,0.4548579285780709
0.42,0.364971163837883
0.5,0.4162926936648999
0.52,0.4105340427129907
0.48,0.4059297322187105
0.5,0.5461996652552145
0.49,0.5832833785212135
0.49,0.5829599510971036
0.51,0.5500902019660338
0.51,0.42877142914345184
0.49,0.4778424944645138
0.52,0.49635815286612484
0.5,0.5747241989720115
0.49,0.6138429176863137
0.49,0.3761225621292405
0.5,0.5475385932134956
0.52,0.574665465982979
0.48,0.5686102691738574
0.52,0.6019070757658522
0.49,0.45953970607851036
0.51,0.47972123782645687
0.48,0.5309882305734992
0.49,0.41286159427295177
0.49,0.38834403360164627
0.5,0.457778190311736
0.51,0.5062866575139571
0.49,0.6028673189821115
0.51,0.5720797975148793
0.52,0.5474414694316124
0.52,0.5328957689434244
0.48,0.4632123496478302
0.49,0.4390788411161
0.48,0.5607100158776764
0.5,0.42902217084637134
0.5,0.6274320639513704
0.51,0.5509402317751816
0.5,0.3969842148882676
0.48,0.6275463742293361
0.5,0.4907555687149278
0.48,0.3933608302651422
0.48,0.6573927341010173
0.51,0.5510016196482147
0.48,0.5547008740190913
0.49,0.4891391031614474
0.49,0.5180399561597554
0.51,0.5194621347841814
0.48,0.5403173978571344
0.52,0.6240097920807554
0.51,0.5243297349977978
0.52,0.49569641335508036
0.49,0.45520092326754
0.49,0.5044842318835148
0.49,0.5307867812701978
0.49,0.6088971030651235
0.52,0.6487448683302897
0.49,0.45779028365445884
0.5,0.6097719966982889
0.5,0.4250294743276881
0.5,0.6534867759108479
0.48,0.49728599661452033
0.49,0.5755084510358416
0.49,0.4116715083244676
0.52,0.4834263179627666
0.49,0.5720389553289132
0.51,0.5373739231913494
0.5,0.6317696374973943
0.49,0.5280814389188051
0.52,0.5006251162544386
0.52,0.5075789293791578
0.5,0.48027779779410085
0.51,0.715217981439363
0.51,0.5021465571326487
0.48,0.5338428624381938
0.51,0.5513042714197851
0.48,0.3295859574762838
0.51,0.40212568040897184
0.48,0.42061435427071675
0.48,0.42233745062283673
0.51,0.5802397752273138
0.48,0.4848250999459257
0.51,0.5141617349483789
0.52,0.5999600364030582
0.51,0.47454886772156174
0.5,0.6149810244359767
0.51,0.6191863299237058
0.5,0.5808011866508175
0.49,0.5224144739382865
0.51,0.4561382266931721
0.48,0.5897842352073807
0.51,0.48061220561103934
0.49,0.49827179997385873
0.5,0.6307431292673197
0.51,0.5620869801017003
0.49,0.4852199061464553
0.51,0.4595012867722528
0.48,0.48039596105249854
0.52,0.5104850543429551
0.52,0.5880389347704219
0.48,0.4244046470014955
0.51,0.4003955007964366
0.48,0.5886059614784804
0.51,0.49476154086871266
0.48,0.4846833544544382
0.52,0.6173912298033153
0.49,0.44239123845747796
0.51,0.5274796785539932
0.52,0.5673873259542724
0.52,0.5414631614612494
0.49,0.47843839557749723
0.5,0.572410283843668
0.48,0.6014627765369313
0.5,0.6165628074789167
0.52,0.5291936941740544
0.51,0.5374908838133032
0.51,0.4500082587537737
0.49,0.43306473093390657
0.52,0.5361147772455794
0.48,0.6721887136705418
0.52,0.5420151281371387
0.51,0.4488936053366941
0.48,0.5929348075903961
0.49,0.5551815564755536
0.52,0.5893304144899849
0.5,0.41850924572674636
0.52,0.38990022982228395
0.49,0.5858122889501038
0.49,0.539804882281464
0.48,0.5171391557734508
0.49,0.5413376157431871
0.49,0.4237894770358716
0.52,0.5909191444386294
0.49,0.5865480057354149
0.52,0.5460674553057929
0.48,0.5597115916508713
0.5,0.42502993593126615
0.5,0.5238105565660393
0.5,0.42196142007899506
0.49,0.48659771869915125
0.49,0.5235369062354939
0.49,0.637851559946838
0.48,0.5746976957317196
0.49,0.5023752888086016
0.5,0.5706981003499757
0.48,0.6185261072911422
0.5,0.5385558869121805
0.49,0.32614699526804874
0.49,0.43184390343991713
0.51,0.5606660503243133
0.49,0.3805944712608541
0.52,0.6092482621557206
0.49,0.5877270659233746
0.5,0.5571903870760477
0.49,0.5634536541591157
0.5,0.5945937610780185
0.52,0.6300929087107819
0.48,0.5538533980261694
0.5,0.5797148551852267
0.51,0.5270914621695872
0.48,0.5072433067571771
0.5,0.5062879938331968
0.49,0.4144692708941549
0.5,0.5127420645188757
0.48,0.5066012592999936
0.52,0.5765686021958961
0.52,0.5800563780523599
0.52,0.4480271621562699
0.49,0.5241096113951349
0.52,0.5453483561790943
0.5,0.5156887055124376
0.51,0.5742183918998577
0.51,0.6496221703607232
0.48,0.3327651492529556
0.51,0.34047491647057276
0.52,0.508271833356603
0.49,0.3453427895964036
0.51,0.49890848755877343
0.51,0.6162654984197965
0.49,0.4267786614358269
0.48,0.4847806086836918
0.51,0.5340576039476218
0.49,0.5997503379182063
0.49,0.6717831748071543
0.48,0.4251364523900524
0.51,0.6532766421648661
0.48,0.5436462376963807
0.51,0.529173201231791
0.52,0.4566076974693089
0.49,0.4973931056469412
0.49,0.653004243889525
0.48,0.4472076276900874
0.52,0.4610468263558358
0.48,0.5083748889743982
0.52,0.6500914413922905
0.48,0.5155420722839201
0.49,0.5251606137488589
0.5,0.6718482373734974
0.51,0.4105190659251381
0.5,0.5596315937069184
0.48,0.5481290531883072
0.5,0.629284121542945
0.52,0.3432200699974898
0.5,0.5021806382451388
0.48,0.537928823890645
0.52,0.5140785541646195
0.49,0.7010237935390076
0.48,0.4794648200304895
0.51,0.49761678553460864
0.51,0.47673938385120185
0.48,0.4576451924487839
0.5,0.5033048169588613
0.49,0.36594702924136274
0.51,0.5067062809890045
0.5,0.5277575802082639
0.49,0.6604217196283519
0.49,0.570027067775947
0.5,0.43610178512149916
0.48,0.5952563974149261
0.51,0.6011679100264788
0.51,0.528010615559976
0.5,0.6208616511565775
0.57,0.6062469501629321
0.61,0.6130817492622213
0.62,0.6786349290893949
0.58,0.5306135079038341
0.6,0.598441235225158
0.56,0.6517062190061587
0.59,0.5122177387552663
0.59,0.6998500362320317
0.64,0.7491257115416126
0.58,0.6080257063778436
0.59,0.539625721876741
0.62,0.5911671604449728
0.61,0.5722224529690787
0.64,0.6342478640451298
0.6,0.45434256428410696
0.57,0.5943197393495405
0.57,0.544636382765728
0.64,0.6127085167017272
0.64,0.6605031845746554
0.59,0.507950907789174
0.57,0.47623986186179273
0.56,0.6303034821713211
0.57,0.6314521432214766
0.64,0.656208268294601
0.6,0.4298171503190023
0.57,0.5629361383499099
0.62,0.5458740371496111
0.6,0.5426351687309504
0.57,0.5592676576517399
0.63,0.5614662523849553
0.58,0.6357789914061097
0.62,0.6625467016889023
0.63,0.4851046515160615
0.61,0.5131074335876904
0.59,0.671858667625927
0.56,0.4809324939255046
0.57,0.6962649844980878
0.64,0.6227680728453302
0.62,0.7116805102023049
0.62,0.6852162430149427
0.63,0.5375780923679228
0.57,0.5453907577670513
0.63,0.5343868998869995
0.58,0.3843305349065553
0.57,0.5424382639828372
0.6,0.5362390027299506
0.64,0.5592884594012344
0.6,0.5293867020083497
0.57,0.6515068626838973
0.59,0.5783281047438423
0.6,0.4373034601228659
0.56,0.5521175998659066
0.59,0.5790834547399218
0.63,0.5931407614395342
0.61,0.5970827470834386
0.63,0.5525321505328499
0.58,0.6611241861531397
0.58,0.4969512386000997
0.63,0.5130331335363719
0.63,0.5591005117768143
0.57,0.6419478494130687
0.59,0.607096437091912
0.58,0.5834016742200223
0.61,0.6098208474177029
0.64,0.5527786083610208
0.64,0.600823412754616
0.57,0.5464777765583617
0.59,0.5452701172075509
0.57,0.5870108724645159
0.63,0.6236806081228522
0.59,0.6020853507852909
0.58,0.5944161090919063
0.59,0.49280708120018324
0.59,0.6606277991302677
0.56,0.5817497919678916
0.6,0.5941346980134604
0.62,0.5182702459880686
0.58,0.5896160484329234
0.62,0.6694848715503081
0.59,0.5526360983937979
0.61,0.6126354882130054
0.64,0.6310256488991904
0.62,0.6128314046025497
0.61,0.6347899904818556
0.57,0.6275832299069046
0.57,0.5488261750901804
0.6,0.512208833449372
0.62,0.4915361956959395
0.57,0.56083186329577
0.58,0.6369407269716048
0.62,0.6919481487533045
0.58,0.5773949581049943
0.56,0.5005754562894643
0.58,0.4372584424017125
0.57,0.5096159231237725
0.59,0.5754168285546603
0.56,0.639928939025926
0.58,0.5319134869272323
0.64,0.6408917650854045
0.57,0.5893447633102952
0.62,0.6477577357339633
0.62,0.47333337497176214
0.62,0.5778146318247886
0.57,0.48035192222838563
0.57,0.462025991622221
0.63,0.5846442771262154
0.59,0.556414367940522
0.62,0.5715945418985454
0.56,0.5777354088361062
0.63,0.6138379030672533
0.62,0.49100698517164837
0.59,0.6671655428038427
0.57,0.6098457261892317
0.56,0.4818970440023914
0.56,0.5724413352150544
0.61,0.6516549905301936
0.58,0.5971264539980051
0.63,0.653892873173099
0.62,0.48313018685430065
0.6,0.5782478298755117
0.62,0.529950562760172
0.57,0.5887967155272962
0.6,0.5065796798443984
0.56,0.6307261503788866
0.57,0.6392827227957445
0.58,0.5518076130419786
0.59,0.5748446894425852
0.61,0.48609753684660834
0.57,0.5224922848100222
0.58,0.6706482804332853
0.57,0.6324710958348121
0.64,0.5973379085530177
0.6,0.48483059590705124
0.64,0.6127494179902538
0.59,0.6048105337411763
0.59,0.45360097462016674
0.59,0.47427172427510034
0.63,0.7337610665929861
0.61,0.4099960417805288
0.64,0.5651172749066181
0.59,0.5740221713203039
0.63,0.5509959969151669
0.59,0.5594479875600985
0.57,0.5985103657845277
0.64,0.6059462753926391
0.62,0.5667002268611315
0.62,0.4923242140196249
0.62,0.6129406425253755
0.62,0.5846428355505098
0.64,0.6410045976374564
0.6,0.6362441334456223
0.59,0.46412578136363347
0.58,0.4932127518878984
0.57,0.6081005820146299
0.59,0.5418666603850326
0.6,0.6351662450363016
0.63,0.6949215180982722
0.62,0.49222678092395583
0.58,0.5049385242270084
0.63,0.7159027612455506
0.57,0.6230733571014929
0.62,0.6859945066208226
0.6,0.7194616366210601
0.59,0.41966763273068985
0.57,0.5547703076585419
0.6,0.5380736224398407
0.64,0.510688754517155
0.63,0.7451750737359475
0.59,0.537034212391657
0.58,0.5749304950096964
0.62,0.6997544631580214
0.63,0.6271119056919707
0.64,0.7213244937834508
0.59,0.5690899734155698
0.56,0.5559529554091349
0.61,0.6025172859233843
0.62,0.5872178700728015
0.64,0.6430090462187935
0.63,0.6470487971563291
0.61,0.6574369991166081
0.62,0.6311306226996728
0.6,0.5648202537918329
0.64,0.603065190099197
0.63,0.6761844799771598
0.64,0.6711255503203843
0.64,0.6422793583601776
0.56,0.5574398502878315
0.57,0.5102087331237234
0.6,0.5913795846275046
0.63,0.5220355771361314
0.64,0.7320691505571181
0.56,0.4468707362805513
0.58,0.7134392371832639
0.58,0.6147081277580402
0.62,0.7440175219962499
0.61,0.6159719219686183
0.61,0.5961760480877971
0.57,0.6155003140389679
0.58,0.5117358710139874
0.6,0.48879092581321654
0.57,0.6296342959269556
0.63,0.6303760706428387
0.6,0.6144656353415158
0.63,0.5564954445665701
0.63,0.6769469744790767
0.59,0.5350675173399672
0.56,0.5448310344872899
0.57,0.41022740552209025
0.63,0.5315262988056606
0.64,0.644474609831024
0.58,0.5719912785819975
0.6,0.5652711320329549
0.61,0.5993910574145779
0.59,0.40919755170068284
0.58,0.6100161623852937
0.57,0.5986661455947695
0.63,0.5759511897911658
0.6,0.6605781555177458
0.6,0.6519319130935813
0.57,0.4826159954846553
0.63,0.6266216908222157
0.59,0.6287797228553019
0.58,0.5687617278092632
0.64,0.543020890762981
0.56,0.5242883630733828
0.63,0.6293679128918367
0.56,0.3932889855794725
0.6,0.6540716354308244
0.64,0.7885257725354193
0.64,0.6488517448995527
0.61,0.6614244977642688
0.62,0.5949835592462581
0.64,0.6164729966939112
0.6,0.5694320770521625
0.56,0.5610891540358838
0.61,0.5743442583467571
0.57,0.5567296806949525
0.59,0.5592220540403577
0.63,0.6624922683597118
0.64,0.7072803531157837
0.6,0.6050090840171474
0.64,0.5923964064272629
0.6,0.6168080633407437
0.59,0.6391507014566246
0.56,0.6203825529618914
0.6,0.6058645020188759
0.61,0.6222018966316296
0.58,0.5731906670103263
0.64,0.6049628565493395
0.63,0.5315642310850215
0.59,0.6085983963610643
0.6,0.5930065625828718
0.64,0.6715118979914587
0.57,0.7133512200302723
0.64,0.477856111680225
0.57,0.673816685079226
0.63,0.6986087690173581
0.57,0.6992631457371531
0.63,0.6922721265347183
0.56,0.5767580818527516
0.61,0.6103690115806092
0.63,0.6994665152967601
0.59,0.4692290015093678
0.59,0.4752274303732556
0.64,0.5846730423880313
0.6,0.6578098389809424
0.57,0.6298652062592285
0.57,0.5385651903701008
0.63,0.5681684768021951
0.6,0.7145057225633203
0.59,0.4705940946081219
0.61,0.6021926005660954
0.61,0.730829108797875
0.59,0.609827405280976
0.61,0.6554909390177162
0.62,0.48737906954983573
0.64,0.5751424341593256
0.56,0.6148338366877882
0.61,0.5627920888195458
0.57,0.6417805287975917
0.58,0.6751077650502276
0.58,0.5506641556204583
0.6,0.639951943811967
0.59,0.538507536259123
0.59,0.5879904498749117
0.57,0.5276110145321102
0.62,0.5956492366158158
0.57,0.5000909413794654
0.59,0.44416604850827324
0.62,0.5883646297693824
0.57,0.501549013704547
0.63,0.7015058696850245
0.6,0.5442215665321745
0.59,0.5164053346794485
0.62,0.6524632334368898
0.58,0.6066312751622983
0.58,0.4569948124577224
0.59,0.5840932338866729
0.62,0.6295474567158
0.59,0.6167297336785399
0.64,0.5136942495011517
0.57,0.5950305624389572
0.57,0.5454928252304475
0.58,0.4480807686407947
0.57,0.6400987046428882
0.61,0.5237828922109775
0.62,0.6474280495691452
0.59,0.5855082929915609
0.64,0.5382179077915051
0.63,0.6663284546435673
0.57,0.3953827399866806
0.62,0.5860840952384323
0.64,0.641990078049636
0.64,0.6002663453346949
0.63,0.5328214715381333
0.62,0.6031755151885017
0.59,0.6479843872356117
0.61,0.5847259026360861
0.62,0.6228120935453311
0.61,0.6332865256657887
0.64,0.6483647634615369
0.63,0.6384048318075595
0.63,0.5584144666626328
0.59,0.7029470465480234
0.61,0.6252516330592883
0.61,0.5493414894655089
0.61,0.5990888256670983
0.57,0.5213231901655804
0.56,0.5291481216152485
0.63,0.5791224275080463
0.61,0.5921900040629707
0.57,0.6676637020379137
0.57,0.575631559746198
0.58,0.5739768545926469
0.6,0.6477694140723532
0.57,0.5721217657879567
0.58,0.6514905985830133
0.59,0.5405356746101205
0.61,0.6706970021497324
0.61,0.6021862504308598
0.62,0.6013299444253947
0.57,0.4657456689363223
0.63,0.6328331461387079
0.58,0.47440161437091277
0.56,0.4549845871833634
0.57,0.6059441277005541
0.57,0.4364960963182263
0.61,0.6469784045427656
0.57,0.6013012550993172
0.63,0.5309825076673158
0.56,0.6258374545541129
0.64,0.509389673987953
0.56,0.7320799981020624
0.61,0.5966535108401527
0.57,0.5861755083158965
0.58,0.46988393646112686
0.58,0.6598153804208473
0.57,0.4769995345953353
0.59,0.6997614891320677
0.56,0.5853897743090684
0.57,0.6947986720248572
0.58,0.6786000538342866
0.56,0.649599422376808
0.58,0.6528831938339198
0.59,0.6278909564768062
0.58,0.6177026459644852
0.64,0.6575656674940212
0.61,0.6289934263380069
0.62,0.7007949809062531
0.62,0.5917275082461577
0.56,0.446703150704035
0.62,0.6122668506045168
0.61,0.6487547622936826
0.62,0.6135643033490114
0.64,0.5333288865241357
0.63,0.5858277617663173
0.64,0.623415408680958
0.6,0.5202629058590181
0.62,0.6303800015845099
0.63,0.637718670261822
0.61,0.5363209776417296
0.61,0.5106842725033707
0.63,0.6499419897651584
0.62,0.6383801711520016
0.63,0.5210302336293217
0.63,0.6205971133732632
0.62,0.683535080948012
0.59,0.5708981806160927
0.64,0.667753480513245
0.62,0.4763967013870554
0.6,0.7229662770187533
0.63,0.6226788248954134
0.6,0.5897083578641186
0.61,0.6716463363211256
0.57,0.5029383353160208
0.57,0.572444223369591
0.59,0.49803246986585675
0.6,0.6286957991658207
0.57,0.4505099640903616
0.64,0.5510518439887974
0.64,0.5607939242185944
0.61,0.6284695993323453
0.64,0.6526772261404133
0.62,0.6748728171913572
0.57,0.42376044248430983
0.56,0.5433473073640118
0.59,0.4923526851412668
0.6,0.601787984268874
0.61,0.5879970295619359
0.59,0.5254599922170717
0.56,0.6251087762299794
0.64,0.5215158972899233
0.6,0.596421159268354
0.58,0.576496413015508
0.61,0.6257005574030892
0.63,0.5231405069361952
0.64,0.6092116106232465
0.56,0.7308528763501692
0.6,0.6955625492601842
0.62,0.6049176649826555
0.59,0.5940969861009718
0.62,0.5506200561205168
0.62,0.560990717173437
0.63,0.6026256790260887
0.62,0.4653748582547815
0.54,0.5972541332401733
0.54,0.6345903269856217
0.53,0.427331617509321
0.55,0.3882820743968944
0.55,0.48886114421925
0.56,0.6445431975862338
0.54,0.6351612962154549
0.56,0.6457759414967187
0.54,0.6203751492589971
0.53,0.5618858851753904
0.53,0.543357967274909
0.55,0.5722479681067371
0.54,0.706805138728351
0.54,0.6056337515118064
0.55,0.6509927516088622
0.55,0.5065327847998622
0.53,0.5349200885411522
0.55,0.5997080257932186
0.54,0.5164137635257712
0.55,0.5843360908561389
0.54,0.38113557580444374
0.55,0.6727509646146488
0.52,0.45510622358325153
0.55,0.6891901269306493
0.53,0.4866476248269686
0.54,0.6812414630263269
0.53,0.6363822514405301
0.53,0.43397209095168027
0.53,0.5614166053163152
0.53,0.5211918730279184
0.56,0.553868403445801
0.52,0.5028129340259277
0.54,0.5054365900041333
0.54,0.6581862420151565
0.56,0.5197273203703022
0.54,0.5242092918947259
0.55,0.4717625238603192
0.52,0.6229963063431632
0.54,0.4922388693518482
0.52,0.6674428802074808
0.54,0.6508229641591854
0.55,0.608907461755332
0.54,0.5060291467418683
0.53,0.6370528430508842
0.53,0.3598315070238909
0.55,0.6388044315867253
0.55,0.6336259554592517
0.55,0.6135791076659349
0.54,0.5759959651535069
0.53,0.6086194999409428
0.55,0.522588894748518
0.55,0.4652910848545839
0.53,0.5986837967334234
0.56,0.6208819007671476
0.55,0.6025739577405961
0.53,0.6196755379608078
0.55,0.5966361660993178
0.54,0.5372671137204709
0.53,0.5019835629494258
0.53,0.46973086948429316
0.54,0.5373288989667364
0.54,0.654426881913993
0.56,0.48100452753675527
0.55,0.5956102746605624
0.54,0.5267409566253375
0.54,0.4321068698974781
0.55,0.4926304586216845
0.54,0.5506202934472614
0.55,0.6102823385161634
0.56,0.5573656698219726
0.53,0.5605116002056736
0.56,0.646613834740701
0.52,0.5953724915703795
0.54,0.6471695703688406
0.54,0.6786751414238779
0.56,0.5981328650705949
0.56,0.5441056660534468
0.55,0.6015455448395297
0.55,0.6113179106013672
0.56,0.4718373973108494
0.54,0.6112781778812967
0.55,0.6023138918736894
0.55,0.5349047423617237
0.54,0.5101474522526581
0.53,0.5162474237610362
0.54,0.646442465737342
0.55,0.4347825312235926
0.53,0.5649627022183671
0.54,0.6369560181456189
0.55,0.47468110151452475
0.54,0.5093678419834219
0.53,0.5740169127195607
0.54,0.44036799234075624
0.54,0.4036160487800298
0.55,0.5129970397753937
0.52,0.6191425215514648
0.54,0.5823316650409778
0.53,0.585331816940131
0.54,0.4057416625141598
0.54,0.5646851689565626
0.52,0.530301631737523
0.52,0.4772306859418595
0.56,0.4792516652258707
0.54,0.49181159527040236
0.54,0.4751636656602837
0.52,0.578419540443697
0.55,0.6220331532876913
0.54,0.5197950394291171
0.53,0.4006332112381921
0.54,0.48928454518641834
0.56,0.5776561718674819
0.54,0.4641077310897853
0.52,0.438539607353
0.54,0.5774238393593617
0.55,0.6665002529430534
0.53,0.5398060887854516
0.54,0.5876084580318882
0.55,0.5142805743636075
0.56,0.5515366961670654
0.53,0.45393504916883215
0.53,0.46469141258509794
0.53,0.5520136459949221
0.53,0.6977844560573692
0.56,0.6020136621644766
0.55,0.5382256509652125
0.54,0.479025365931595
0.54,0.48367879901573313
0.54,0.5952483258873323
0.55,0.5479345553652676
0.54,0.4557710266911404
0.54,0.5251884824587502
0.55,0.6401392336221305
0.53,0.45179758781344287
0.56,0.44174635941291346
0.55,0.4857100176219557
0.54,0.5975176428239702
0.55,0.6585369217900081
0.53,0.427635758895355
0.54,0.5097108102109531
0.55,0.5672917970258086
0.54,0.383967069626783
0.56,0.6996483807836553
0.55,0.5580505869005062
0.53,0.4933825091888608
0.53,0.5007448155712575
0.53,0.5041537728488628
0.55,0.46450311685312473
0.54,0.5434423224906915
0.55,0.6157898468880688
0.56,0.6165174801593907
0.53,0.6213889114050987
0.53,0.6072157479003717
0.54,0.48239162278858233
0.53,0.5735359079285277
0.53,0.4667480482555813
0.54,0.5401072627611777
0.55,0.6673702476800895
0.54,0.6006080595241586
0.55,0.698465182647013
0.55,0.5845627271028105
0.54,0.46698925587778234
0.54,0.5817191047063686
0.54,0.6533406294027867
0.52,0.6573576500091985
0.55,0.6381311168287955
0.52,0.4968584774722757
0.52,0.6015946950576717
0.55,0.6310381814182576
0.54,0.6751031706454859
0.55,0.5868792754710848
0.55,0.5122015839090448
0.54,0.6309678097812821
0.55,0.5820205931374851
0.55,0.5796413628958953
0.56,0.5391821194457881
0.55,0.6150401215946408
0.53,0.48571679638168685
0.52,0.6337720478979786
0.54,0.546788614563822
0.54,0.578468040639555
0.52,0.4813073935949973
0.53,0.5609851484517014
0.52,0.5810867798605817
0.55,0.5572185587958007
0.54,0.5866620822245524
0.53,0.6114629349413504
0.55,0.555832422560681
0.53,0.35910783914445427
0.54,0.7042034027007346
0.55,0.7115410151538751
0.53,0.4773688017709719
0.55,0.609522979165104
0.54,0.5188519948847936
0.54,0.5039533142214467
0.52,0.3754048043990924
0.53,0.5570000358387918
0.55,0.5998955183080679
0.54,0.5550230542133139
0.56,0.5536203889457336
0.55,0.6910505282886799
0.54,0.4530297638927415
0.53,0.5346627574484427
0.54,0.5375504667358234
0.52,0.5796689612732061
0.53,0.40671307209670526
0.54,0.5908232680464807
0.52,0.5017747819340437
0.69,0.6570602742356461
0.76,0.7000618802631604
0.72,0.6475968760221887
0.75,0.6237523340408389
0.72,0.6651001454990452
0.67,0.6721551535338698
0.64,0.3730896449339393
0.68,0.6411700581137494
0.69,0.5293802420471438
0.65,0.58695099431685
0.74,0.6674298198463083
0.68,0.5367464583871169
0.91,0.7410594139598206
0.67,0.6479581235145226
0.91,0.6811173930954205
0.78,0.6333450323371095
0.82,0.6812920733645212
0.98,0.6666612405064376
0.7,0.6004589919844578
0.68,0.6340083439645375
0.76,0.7160889720490041
0.7,0.4922333344375186
0.65,0.6335689726386879
0.67,0.625805149009879
0.65,0.6542688301978299
0.78,0.6000833160558746
0.79,0.6787655436091441
0.88,0.6774607380205687
0.71,0.57722670302856
0.66,0.6206689693407692
0.78,0.6635054481173063
0.68,0.6312081344931687
0.98,0.7006760205284025
0.69,0.7294481108872706
0.82,0.5615547449158312
0.76,0.6075016895701876
0.75,0.6269937779635597
0.74,0.7028517907545904
0.85,0.6378127576659965
0.71,0.6420373461367435
0.64,0.6645448505668222
0.67,0.6761058851316165
0.67,0.7266945954216534
0.84,0.766988740237707
0.69,0.6460755492018642
0.79,0.6776452766381668
0.83,0.7464108323111699
0.67,0.6013142482255152
0.81,0.7567209706041178
0.76,0.6735827517782031
0.71,0.562671159913223
0.78,0.6215089241963925
0.7,0.6647225656992075
0.68,0.5371866420534874
0.91,0.6817756731170942
0.69,0.5669101356629674
0.65,0.6508557448151837
0.79,0.7041865255927795
0.67,0.6369618205524126
0.69,0.6695718234994097
0.72,0.6246905507454842
0.66,0.6536014941266969
0.64,0.47519074412551743
0.85,0.6425260671813576
0.76,0.732995238476383
0.71,0.7026349944334408
0.67,0.5146424926871006
0.69,0.6735012563449574
0.73,0.5570793747485681
0.71,0.6690725725925999
0.67,0.684990101561117
0.76,0.5386307572237123
0.72,0.7294162860896173
0.75,0.6713577073964965
0.72,0.5654010963923249
0.78,0.6206274999980521
0.8,0.6851962109962445
0.72,0.5901333849857369
0.65,0.5253787944727496
0.8,0.6501329738798739
0.64,0.5723703599837153
0.86,0.6896749817147663
0.8,0.6544498870153356
0.68,0.6549247883027128
0.65,0.6255196650980905
0.65,0.7113244740477408
0.65,0.7039252489292211
0.71,0.613475144989288
0.66,0.6093915705265218
0.66,0.715117103822237
0.69,0.6171540885334544
0.68,0.7297723398682089
0.66,0.4238726190380093
0.77,0.6658411837892391
0.65,0.6414962263027284
0.76,0.6373626104690153
0.7,0.6195793296237526
0.77,0.6889959982922734
0.67,0.6056646941571538
0.66,0.7306128500589483
0.7,0.688294751711915
0.69,0.7031179198572807
0.69,0.7143866176016307
0.65,0.5743167272119843
0.7,0.6062676105057406
0.7,0.527470506291686
0.7,0.602668759259364
0.71,0.5879699642940428
0.71,0.5446719511562549
0.85,0.6745090934512061
0.94,0.7635862849134185
0.65,0.6206163755743396
0.65,0.48250359047020497
0.66,0.557884784256448
0.66,0.6527908033449362
0.69,0.6867673741718927
0.68,0.7004668401262887
0.7,0.4889379571767484
1.0,0.5849910500077387
0.74,0.602036012857883
0.79,0.7270497672184821
0.75,0.59786630160219
0.82,0.6592765863393826
0.7,0.6458517888591652
0.71,0.6639695525142492
0.66,0.6873715973357435
0.69,0.6783020214628497
0.67,0.3817968876531483
0.71,0.698552710250315
0.71,0.5679396446379824
0.71,0.5110528619622727
0.69,0.6215223382839433
0.67,0.6292199930724257
0.67,0.5843427769481189
0.67,0.6348080816340981
0.68,0.6928672614507515
0.79,0.7033030814850143
0.72,0.6981993414718101
0.67,0.6503528703042819
0.68,0.610131407831857
0.68,0.7525083057077486
0.68,0.710163817664948
0.76,0.6274382794632776
0.71,0.5400580739154622
0.65,0.6110355217934987
0.73,0.6234404956999047
0.67,0.6830743092872997
0.68,0.7097410916714333
0.67,0.5749769964448582
0.72,0.622804753526242
0.65,0.54225684858798
0.67,0.5539758995775069
0.67,0.5406891269737625
0.69,0.691632754029711
0.65,0.478439846869323
0.72,0.41611565392506417
0.8,0.6894717986299966
0.7,0.597948444829913
0.71,0.7288465964620569
0.8,0.6213902586004948
0.67,0.5920408511698584
0.74,0.7465557934602673
0.66,0.6740773759590981
0.7,0.5556307522491647
0.65,0.6364167735935329
0.77,0.7095039488642146
0.7,0.656115963202186
0.67,0.6952511311863562
0.71,0.6097270982959435
0.66,0.5668896727598305
0.77,0.6653973743412268
0.77,0.7727124739727866
0.64,0.5377509134567666
0.66,0.7241070331243187
0.76,0.6662224778549144
0.67,0.7043651492379077
0.82,0.7484271353647693
0.65,0.6470662766327794
0.67,0.4825999638120348
0.66,0.6068333697502162
0.75,0.6960411992685592
0.75,0.6632159461718249
0.71,0.6198909561121859
0.8,0.7096299681472602
0.72,0.637172777186223
0.74,0.7779373709632066
0.74,0.6767917877824405
0.69,0.732608945424888
0.65,0.6610745221204556
0.66,0.5366002892122248
0.66,0.48434583119305924
0.72,0.6886165064461551
0.65,0.6164801201708495
0.72,0.5564185592433988
0.7,0.6685854375879613
0.78,0.5452106007471883
0.7,0.5943461518472709
0.78,0.7332154009097804
0.66,0.5191467611084831
0.75,0.6913011823859342
0.71,0.7306689831862038
0.67,0.6199028269075874
0.81,0.5958225594165315
0.66,0.693327433871788
0.84,0.7899442716066911
0.7,0.6754912659122109
0.69,0.6810046983136396
0.87,0.6670061027835822
0.73,0.6740957585996349
0.74,0.709552757440583
0.71,0.6062859582931355
0.86,0.7643246533128502
0.64,0.6237610484054146
0.67,0.665531483005019
0.66,0.6062937087297046
0.71,0.7378271678475292
0.67,0.6538148671640355
0.86,0.6695207016197576
0.75,0.6870238611072818
0.72,0.5710553890842415
0.69,0.6450553202951215
0.82,0.601079088916251
0.69,0.7482771318760195
0.65,0.48216330485382136
0.73,0.596759121137165
0.65,0.5552626495419019
0.67,0.4073569080037023
0.76,0.6103101333697213
0.71,0.6612558171620978
0.72,0.7621524653479319
0.92,0.6276768213221571
0.7,0.6076227257436422
0.65,0.4734547874261331
0.66,0.7450104366170902
0.75,0.6864185709924301
0.84,0.5485963934273907
0.93,0.8011296115419971
0.72,0.5826632049999966
0.86,0.7093871848473398
0.66,0.7210182176660964
0.69,0.4668591231440267
0.79,0.6986424043481021
0.85,0.6336177459515265
0.87,0.7290784264571601
0.68,0.6011842444953945
0.76,0.7319825079151913
0.66,0.5892560831221916
0.64,0.7198012635607902
0.65,0.6409410305113499
0.66,0.6737448756547186
0.72,0.5743392614519484
0.65,0.6310055559216278
0.65,0.5634150627439385
0.89,0.6726065811732106
0.86,0.6883731312904248
0.65,0.5588563089714076
0.7,0.6665970427054502
0.66,0.6445020224004558
0.69,0.4927624186416773
0.74,0.6083530443869957
0.74,0.671018335150619
0.72,0.688304982824781
0.79,0.6636695785297415
0.78,0.6799554696415078
0.65,0.6415450934223617
0.72,0.6443185570296796
0.9,0.6370315888921504
0.82,0.6906617355919791
0.81,0.7233751159168904
0.7,0.684031687342264
0.77,0.6867128682009652
0.69,0.6997816424091666
0.73,0.6145715588281186
0.82,0.5680566077641332
0.78,0.6175851476031274
0.65,0.5666384564319561
0.73,0.6973192427255527
0.91,0.7745538379496255
0.66,0.5696676453111689
0.77,0.6788791729073479
0.74,0.6130194888181453
0.81,0.5875324133406079
0.84,0.6233142106191883
0.65,0.6277051088258702
0.74,0.5358734416152869
0.77,0.6572269841842346
0.65,0.7008618848838867
0.7,0.6528242804347327
0.74,0.602645629858775
0.68,0.6946650245921069
0.86,0.6637276196021702
0.66,0.6710943349869967
0.68,0.6598606165257294
0.66,0.4313422687770603
0.67,0.6694787095483049
0.84,0.7456816700055676
0.69,0.5847843888298715
0.68,0.7674779806978745
0.65,0.5438999072147099
0.69,0.5583417666829227
0.78,0.6298841696175935
0.68,0.45703350370892126
0.69,0.5157457925996485
0.73,0.6274083129004702
0.87,0.5348030465582126
0.71,0.6455249829554761
0.67,0.5793761799092
0.68,0.5902975771619605
0.65,0.5903633305877694
0.7,0.6360096561135148
0.7,0.5609927492569007
0.72,0.5914266100215053
0.73,0.6624286284447766
0.64,0.48040247252940843
0.74,0.5107187369658932
0.68,0.6840779087647113
0.71,0.6969031451237145
0.67,0.6343496621044413
0.66,0.6303770457943748
0.7,0.7181522640856118
0.67,0.6539765039589407
0.68,0.5977173100326869
0.87,0.7497157361786095
0.8,0.6676851583373488
0.84,0.6390214254457532
0.67,0.7269996761081385
0.71,0.5298773840488711
0.66,0.49384611600400086
0.66,0.5290397180689369
0.67,0.6102803877393818
0.65,0.5622634760910489
0.75,0.6474103559604403
0.85,0.6626195107676155
0.66,0.590815296394589
0.78,0.5690960267632474
0.78,0.6001697026949204
0.7,0.5663360701481118
0.67,0.6943094277463324
0.65,0.6245482021251278
0.71,0.6596425118819708
0.67,0.5126008420168976
0.65,0.5618198859238224
0.68,0.7110926296047467
0.7,0.6972381157051629
0.68,0.5632936507869023
0.66,0.4779514469365568
0.66,0.5830393376250892
0.65,0.6108840903123437
0.67,0.6448594423974685
0.75,0.5405606824815598
0.71,0.662432798025067
0.69,0.6301783966942783
0.72,0.6521279998560079
0.68,0.5183474112827371
0.76,0.5977448034237685
0.95,0.6807773020520349
0.65,0.6174241283623861
0.66,0.6030009192475466
0.67,0.6645263187388306
0.73,0.6752701094913761
0.75,0.7166482050772464
0.69,0.6808301235076041
0.67,0.7301530525797356
0.69,0.6234579518831432
0.8,0.6397884596566751
0.7,0.6741495573548059
0.65,0.6919058789811626
0.65,0.6959689452018067
0.76,0.613361403295873
0.69,0.6473852461045513
0.7,0.46320109782675134
0.79,0.6000931432004665
0.75,0.5880922108813952
0.67,0.5988598127155407
0.67,0.5330852879163077
0.73,0.6206650572117336
0.68,0.6065484896324437
0.73,0.6465778483826383
0.69,0.7273064217862206
0.8,0.772133690472589
0.68,0.527671251547618
0.81,0.7322885562199153
0.68,0.5233430896995136
0.72,0.6498316683976176
0.68,0.6488317650499017
0.65,0.639212234409136
0.81,0.6181268294434887
0.67,0.6609404334511989
0.74,0.5817555257305346
0.65,0.5426838069585626
0.74,0.6918461901962321
0.82,0.6335428146958392
0.85,0.7017719945536907
0.81,0.6454395633502242
0.71,0.7461417829552605
0.68,0.7690276568952591
0.78,0.6656617318777938
0.65,0.6964097584721041
0.67,0.7028113163115945
0.71,0.4457742607372855
0.68,0.5748108270957396
0.72,0.6582605963186196
0.75,0.6869591798031761
0.67,0.6844415139998641
0.68,0.637082364824208
0.65,0.48572084885044564
0.73,0.7252758406590333
0.65,0.6558848250391467
0.65,0.6116328745165533
0.69,0.6453322677315495
0.67,0.5558383853994877
0.71,0.5748359554615106
0.76,0.6904758801013358
0.65,0.6623313524205926
0.67,0.5017570330306784
0.64,0.6303908270527122
0.67,0.6165651858285718
0.64,0.597654213093452
0.72,0.6309478767860897
0.73,0.6382140260848074
0.69,0.6595220742787378
0.83,0.5788536749289426
0.73,0.7650061398205883
0.71,0.7898380629307076
0.66,0.3983696336303585
0.58,0.5606623288768797
0.66,0.6544146633201389
0.61,0.5044974292762813
0.6,0.5120802328540889
0.58,0.6395440207619664
0.62,0.6240026034812108
0.58,0.5790701739918611
0.59,0.5885943540318848
0.66,0.7027206931456084
0.65,0.636476976019859
0.63,0.5066970665138831
0.59,0.5417870677276586
0.6,0.6205784712026626
0.59,0.5655392241867317
0.56,0.4053878983650924
0.65,0.6432805316693846
0.62,0.593697801138833
0.57,0.49581735511586433
0.6,0.6771910037700914
0.66,0.6668523555734418
0.54,0.7324695639074156
0.59,0.4609065318324269
0.62,0.5466648364002334
0.62,0.6093639885790664
0.6,0.5251869441289522
0.66,0.572806624785219
0.58,0.500032403648688
0.55,0.5477210160949862
0.55,0.5566861652088247
0.66,0.527758603924332
0.54,0.5673974273273303
0.61,0.4832082530316059
0.61,0.4278925704395268
0.58,0.5518288180695371
0.66,0.44905845382245424
0.54,0.4864124933016491
0.64,0.6229509780057068
0.57,0.6200705628960691
0.57,0.5529242977607199
0.54,0.5242591181128992
0.67,0.5052384403316893
0.64,0.5985690846813069
0.54,0.32557734745988737
0.57,0.6468187149382529
0.59,0.6406039374796499
0.54,0.552657821808499
0.58,0.5756272809107469
0.55,0.5250676438242124
0.66,0.6669419708299239
0.6,0.49440237144746413
0.54,0.4798728628311862
0.61,0.5081903446493939
0.55,0.7371929165785014
0.6,0.5954489404671233
0.59,0.6636022554793305
0.62,0.6360222251632983
0.58,0.6584032120928608
0.59,0.6500752490294638
0.58,0.5334394981433782
0.57,0.6543308530778906
0.66,0.5346379652848637
0.61,0.6190306032982316
0.6,0.5194649876257076
0.55,0.5598182657016478
0.54,0.5748357392173906
0.62,0.5067745470538723
0.57,0.5082795640049561
0.61,0.4535583990282747
0.67,0.6127234952950895
0.66,0.4031182035418273
0.62,0.5954014653295082
0.59,0.5438029857130818
0.55,0.6406300889065811
0.6,0.41673369040167885
0.64,0.5568054591806778
0.67,0.5170068376990311
0.55,0.6096972103056673
0.58,0.5237369246224003
0.63,0.6573290269187638
0.6,0.43976224998433655
0.57,0.5144082171963623
0.62,0.6939277815961667
0.56,0.5598822718932313
0.66,0.6049657759720394
0.59,0.46676503636418
0.55,0.5572541640204515
0.61,0.5387782247131431
0.59,0.615185480054593
0.61,0.6099099858478918
0.58,0.569199536462943
0.57,0.5425242418883235
0.64,0.5775061587326052
0.64,0.5839825794812681
0.59,0.5665786973459579
0.61,0.6238077447789885
0.62,0.5949951115989186
0.56,0.44373882054916935
0.56,0.5067712542020957
0.58,0.6539446841694864
0.55,0.6690750236268487
0.54,0.4818521522228583
0.62,0.46840020252862086
0.53,0.4851882589878827
0.56,0.6531580404021397
0.67,0.6267446216536445
0.63,0.6456624629897827
0.56,0.5197365469193478
0.63,0.6278796977160996
0.62,0.6929180949646062
0.65,0.7547177733707667
0.57,0.5811027362678989
0.62,0.641079994951412
0.62,0.4608472289641483
0.59,0.46615426167042
0.6,0.615527577297271
0.54,0.42561363658787565
0.6,0.48236191982964405
0.55,0.5824778501860227
0.56,0.3862061124705339
0.55,0.5279592109999133
0.57,0.5675594826321068
0.64,0.6118650944306975
0.58,0.6387818708167754
0.63,0.5079539066638569
0.58,0.5792254734800559
0.6,0.5448523597633076
0.63,0.5765249898767594
0.58,0.7062638097372893
0.54,0.5174142106446646
0.62,0.5371345015829486
0.56,0.5348413778071703
0.67,0.5363612203281557
0.56,0.6250611835524841
0.59,0.40357852470216476
0.62,0.6474495213261707
0.66,0.6230314451004344
0.63,0.5273072605877301
0.61,0.5849066715472224
0.57,0.496313706006838
0.65,0.6426074873198084
0.59,0.655964553118576
0.62,0.606863660238428
0.59,0.637905613667099
0.54,0.5372876564947888
0.55,0.5092994756230205
0.57,0.5982985752521742
0.62,0.5935367810298052
0.62,0.5398058629690327
0.6,0.5655277499281371
0.54,0.7060274843360484
0.59,0.739660126116679
0.61,0.5781870006417129
0.55,0.5036533714955853
0.66,0.6078514998339468
0.57,0.5381405688513639
0.65,0.5882869438909653
0.58,0.5374637534409363
0.62,0.5078285675039688
0.59,0.5500342240405749
0.63,0.4465599629124843
0.64,0.5019238059290397
0.58,0.5627317794328549
0.67,0.563954519246373
0.53,0.5147190075977214
0.58,0.4839561267164073
0.62,0.43790997630677325
0.55,0.5329007546682791
0.54,0.46190191733324887
0.66,0.5265327961695325
0.57,0.5577413159203584
0.54,0.4916102175961736
0.67,0.4416207927895295
0.64,0.6458728540584908
0.57,0.5124055764512355
0.53,0.5955655386445409
0.65,0.6757048522971743
0.6,0.6297021341274092
0.65,0.5169726521539401
0.59,0.5876023619451746
0.66,0.571122776022193
0.59,0.46444862175992413
0.57,0.5406172699912062
0.54,0.46955832032437017
0.56,0.4391486320187504
0.59,0.4484442341174189
0.55,0.5768140030335125
0.64,0.693439429956868
0.56,0.5113660729933297
0.57,0.42853334197638837
0.72,0.5918465651712274
0.76,0.7425540785964436
0.73,0.6973773617175367
0.77,0.6590121764841261
0.76,0.5827386769821903
0.79,0.552446999245883
0.77,0.4639385987441367
0.79,0.7762524736266985
0.74,0.7131907526487626
0.77,0.5460543734772823
0.78,0.5460647195938219
0.75,0.5838920649144074
0.72,0.5304377760431365
0.79,0.6266503895750081
0.73,0.5275522075565097
0.74,0.5802468985945479
0.76,0.47629032356142714
0.8,0.6583854892546789
0.78,0.593617630943507
0.77,0.5799315713442892
0.78,0.7636086401275914
0.75,0.7004214881460938
0.73,0.46831287643335245
0.81,0.5356918159404633
0.75,0.5933399842795378
0.73,0.5070656397909334
0.81,0.43429225334697563
0.77,0.6086036862976192
0.73,0.6298179038123526
0.72,0.6003908678219076
0.79,0.6435355359365303
0.77,0.5953392144873104
0.76,0.5725548798050866
0.78,0.548322418498476
0.8,0.7162624671957545
0.8,0.5560855661331483
0.78,0.634530867552651
0.73,0.4774739548109447
0.73,0.5813199383709651
0.75,0.7670377046695956
0.73,0.7022829773357818
0.74,0.6733256803883213
0.79,0.5520613224871436
0.72,0.49374172325797866
0.76,0.5484565395916516
0.76,0.7990743633547496
0.76,0.5647206684713295
0.76,0.5285085794421902
0.8,0.658917822470737
0.74,0.448356371231508
0.76,0.7321300086537641
0.74,0.7320280254364353
0.8,0.7527103938643048
0.73,0.5829342055765054
0.74,0.7770971422540719
0.78,0.6230191389832076
0.77,0.6283539049520201
0.78,0.528164729556508
0.8,0.5929474294259599
0.73,0.5292034095387642
0.73,0.5555101716241337
0.78,0.6651239120135907
0.8,0.6610215715007238
0.8,0.6544352091064793
0.75,0.6101949052322705
0.77,0.5547929452234588
0.72,0.7209504060052971
0.79,0.7317748806270472
0.78,0.6275778529683596
0.72,0.654194179051557
0.75,0.5439149126736914
0.75,0.6569896854431503
0.79,0.711710008096129
0.79,0.6192425683154057
0.79,0.40545388757874895
0.77,0.6754797362534922
0.75,0.6342148034018651
0.76,0.5492606427090004
0.73,0.6351285558504045
0.76,0.6532735526435619
0.77,0.5854667215461322
0.77,0.7119578200359292
0.74,0.6662510169290142
0.8,0.5880056423834267
0.81,0.5703093856069982
0.79,0.5933872782216862
0.71,0.5184711104239876
0.8,0.5857884624060751
0.74,0.6772848310931089
0.81,0.5323945319547871
0.8,0.5271582421939783
0.81,0.7411987178708501
0.73,0.6064194941936585
0.76,0.7175084952601639
0.81,0.6022711031722657
0.77,0.6492014254289571
0.74,0.4679581348138199
0.75,0.6457703183972385
0.8,0.4476455070796503
0.77,0.5672665648374623
0.8,0.6578046524982355
0.77,0.5452273193304464
0.8,0.650983545787973
0.79,0.6002535358802382
0.78,0.5907712782272023
0.77,0.5619078211469702
0.8,0.40545707310721585
0.76,0.6216991187177623
0.79,0.6620775384630032
0.77,0.6605877301969079
0.72,0.6093962637734204
0.73,0.6463096706536133
0.75,0.6348945140645281
0.78,0.4840042374986103
0.79,0.6333427899184301
0.72,0.5632169205332835
0.76,0.7001377907461045
0.74,0.6742410200468874
0.81,0.5707639290872684
0.72,0.6525385152483194
0.78,0.7117449417845549
0.74,0.6210382921834139
0.75,0.4711903209510519
0.76,0.7120264484327101
0.73,0.5029274702027116
0.73,0.6497992232865853
0.8,0.5546160566877759
0.79,0.44056092194937535
0.74,0.6061843629344686
0.48,0.5494749581419696
0.52,0.40111759876954023
0.49,0.4661742134061906
0.52,0.5453624940804178
0.43,0.4184887926525412
0.48,0.5744427775673534
0.46,0.3893481750699539
0.37,0.5274331054157466
0.51,0.5548795058725379
0.48,0.46790337440455215
0.39,0.4498827405886776
0.43,0.5280329227240497
0.41,0.43627488972755724
0.4,0.4366118450645599
0.49,0.5931698296103431
0.52,0.4369563614988414
0.52,0.4992058606238371
0.4,0.39826424284038997
0.37,0.3097143270821513
0.49,0.5273512943024686
0.38,0.3861632376259341
0.41,0.5740321853617544
0.52,0.39566815271076733
0.45,0.482146557178603
0.53,0.591457439951494
0.4,0.38969926712171205
0.46,0.5116758790811323
0.38,0.5065487031651189
0.45,0.35177175765260665
0.41,0.5619764160902567
0.41,0.5471295701657192
0.46,0.47639625289390225
0.5,0.4684641005306964
0.49,0.501114519777482
0.45,0.526363982616994
0.53,0.4143648953828012
0.46,0.5783121405243532
0.53,0.5014873083180981
0.39,0.558831893552601
0.51,0.5566971940240333
0.4,0.4874861582751643
0.48,0.4063109874018554
0.52,0.5122651172314424
0.38,0.45921872108316236
0.41,0.4071225350635897
0.45,0.47715368255405183
0.45,0.5007476769576502
0.53,0.42663560849828075
0.45,0.5621790291143418
0.41,0.4506030315806648
0.53,0.5155550075614154
0.41,0.3735483096837259
0.37,0.48214549088429143
0.38,0.42757351371435487
0.43,0.43791472781780777
0.42,0.41828059267929857
0.48,0.3877706491594762
0.48,0.5698664018774994
0.38,0.49023450473618724
0.51,0.5320483498463983
0.51,0.5557734940239833
0.5,0.36840255545374256
0.53,0.5556130042344056
0.52,0.6062789958643379
0.47,0.4522744235725585
0.41,0.6282488226280745
0.41,0.43483065707929225
0.45,0.6078442321354179
0.39,0.40057271302416764
0.4,0.40336113726793094
0.43,0.5233861097865085
0.41,0.4341810484436234
0.45,0.3102165785007669
0.53,0.48806744411895187
0.5,0.5953760301977955
0.53,0.3944847149107962
0.53,0.6235194300544314
0.51,0.4939846332418694
0.52,0.6073264248079862
0.46,0.4528403114008532
0.43,0.4603678512403187
0.43,0.384299358073751
0.51,0.6119541386185774
0.53,0.6129304995707012
0.39,0.6160206766728727
0.42,0.6056720145838004
0.52,0.5103169152357365
0.52,0.5960740627331347
0.45,0.5404994233275464
0.5,0.39183824001722206
0.39,0.5603526451856644
0.49,0.5299757853149125
0.44,0.4465629803708261
0.46,0.5602720657919861
0.53,0.5713200380853701
0.42,0.5708766652363352
0.44,0.4781911588327713
0.51,0.5184143421588185
0.51,0.39049161103411417
0.5,0.6902662855784597
0.39,0.46844077977242027
0.51,0.4901057755928686
0.46,0.5875456565130849
0.48,0.5266280164160302
0.38,0.42122127898264833
0.49,0.4590003580092288
0.43,0.5685103531996961
0.52,0.5687957809123495
0.42,0.5523417958133294
0.46,0.39994822676130753
0.37,0.47422787498963764
0.38,0.3666373212106985
0.39,0.32943570928623456
0.46,0.38411105052491806
0.37,0.35344011709354217
0.46,0.6044750147912598
0.42,0.4305370483048316
0.46,0.5671493148031647
0.45,0.422790399551307
0.4,0.474013340503834
0.47,0.5471952273210975
0.38,0.38652235532186346
0.42,0.47162223514081275
0.48,0.5488482570280695
0.38,0.4664900814336507
0.43,0.4095641398697624
0.45,0.5371296518133871
0.38,0.397139783362717
0.48,0.4550133317805568
0.48,0.47473975704295795
0.5,0.4283466548213427
0.42,0.4943296986722441
0.53,0.49591625360526614
0.41,0.4105382098057327
0.45,0.5541871085775608
0.4,0.2904843466174563
0.38,0.4761190927299806
0.4,0.4846630493978739
0.51,0.6069497952604582
0.52,0.4333286185001995
0.45,0.4643322052761852
0.51,0.4904456420384472
0.44,0.40497498090054757
0.51,0.4337307567094893
0.49,0.4209764321054982
0.52,0.3737364524862347
0.52,0.46175119577631163
0.45,0.506493653253573
0.51,0.539481102345269
0.46,0.4767775801023562
0.43,0.4937484255952703
0.46,0.6164439576884501
0.52,0.5110736562918952
0.51,0.5479427478135585
0.39,0.4171862227569837
0.39,0.4236470549539001
0.39,0.6171751330358543
0.41,0.4064047369162788
0.42,0.49340495377678534
0.5,0.5855964339576495
0.52,0.44972060977086425
0.39,0.4840515661466047
0.49,0.45598494566747083
0.4,0.398381325782441
0.51,0.4515609400688955
0.46,0.4764885371862521
0.48,0.5530741572818434
0.4,0.5067006456420292
0.4,0.40853506871377426
0.38,0.44990095747441305
0.52,0.594803398407174
0.39,0.45674797692965674
0.38,0.47861376188543214
0.45,0.5678929810466583
0.45,0.5630990089585246
0.41,0.4087268774365484
0.45,0.45321847729511083
0.51,0.48365236165962966
0.44,0.48777579407088845
0.52,0.5344438700562704
0.46,0.5447511332821244
0.45,0.5006087121210692
0.48,0.5357838158763304
0.45,0.5694843716934772
0.44,0.4276663830769932
0.48,0.6015718778683329
0.4,0.5257195848999098
0.44,0.5164243756272194
0.28,0.45171266810111554
0.16,0.4302500005161225
0.31,0.3373262854321327
0.31,0.40248359625558344
0.33,0.4080125674881312
0.26,0.33940723888931523
0.27,0.4058530912246072
0.13,0.4132053948637532
0.35,0.4728467621251979
0.34,0.40719047440053047
0.04,0.5617456130231689
0.3,0.4812105946040749
0.32,0.44164264640207185
0.35,0.39137527305114767
0.3,0.43843043668301523
0.18,0.38493315987589394
0.29,0.3791548217883385
0.3,0.3303922159765853
0.17,0.3389498821963844
0.12,0.5413977715953645
0.24,0.3620419410013309
0.37,0.40944464899424127
0.06,0.49034089060256225
0.32,0.45013182076414066
0.08,0.4514202651912013
0.13,0.3881503742964893
0.27,0.44147003883783326
0.32,0.4631894019435135
0.31,0.3444118966190027
0.32,0.4277703458644457
0.05,0.40983067182660654
0.21,0.32754866593704257
0.27,0.3201474741132908
0.32,0.4141208213987289
0.31,0.38682646106947494
0.26,0.37854419323374205
0.35,0.43218623744545503
0.19,0.3305675444217702
0.15,0.3702404535796895
0.23,0.3638111380026776
0.22,0.4966405131134349
0.29,0.32292064472587884
0.22,0.4878534575300654
0.34,0.42684250426736775
0.34,0.5206417967144582
0.33,0.3907146098308309
0.32,0.39661798679386384
0.31,0.4681323907123388
0.33,0.4585878747814878
0.2,0.42521334172889746
0.32,0.47439665914486484
0.26,0.5090154787023372
0.27,0.3302871871074056
0.09,0.3600181052970365
0.04,0.41267638272322016
0.09,0.33868852226970403
0.16,0.34579857444962586
0.29,0.4918409029044411
0.32,0.558602718805654
0.16,0.3574343585104167
0.33,0.39527281728735714
0.22,0.6034292370518687
0.36,0.5294820716897356
0.29,0.29811111572647686
0.05,0.3539617354028627
0.1,0.2779716124826244
0.22,0.48906230767543757
0.23,0.3447349721885274
0.22,0.557676102667279
0.28,0.4361300780293708
0.36,0.4970295957185988
0.1,0.4294520781521105
0.27,0.4376542181112831
0.22,0.5249452196868186
0.31,0.4333970961862274
0.25,0.3380473908342768
0.27,0.5878438667869993
0.25,0.4147360385823305
0.1,0.3671151854671277
0.27,0.4928593824830125
0.09,0.28590346073473993
0.37,0.5869777959248763
0.15,0.32873850842765073
0.33,0.40336875040395653
0.32,0.46374293367111474
0.17,0.3706570946645213
0.19,0.5021693518254117
0.33,0.48343343939890016
0.19,0.3606995729681809
0.31,0.4589055149122828
0.25,0.2852374337911935
0.32,0.43944170784259884
0.14,0.3534278457141845
0.34,0.3757877688874936
0.22,0.5080745235895122
0.28,0.48561262718487336
0.28,0.38607644715169986
0.36,0.3919673391623563
0.31,0.3662256085358931
0.35,0.49187877127682883
0.23,0.40982740353770036
0.32,0.3873088256245462
0.04,0.34373798052200044
0.34,0.42362596358771104
0.34,0.36262960918202314
0.34,0.3762019212941384
0.15,0.3697157609643397
0.0,0.3829500287047966
0.31,0.4242965321053181
0.18,0.253148824450513
0.29,0.44606443614938196
0.18,0.434977211114986
0.18,0.36186407135615706
0.35,0.4513204097292895
0.21,0.3712619767578682
0.22,0.5300954448143125
0.35,0.3686575939116009
0.2,0.3391531223137074
0.27,0.49878467666860116
0.31,0.41080281713628336
0.22,0.40700158834230316
0.34,0.36441790046716677
0.06,0.33309982389343906
0.26,0.49006581838594515
0.35,0.39212122143894806
0.3,0.4121795492294207
0.32,0.4125705029755372
0.32,0.31919692365378327
0.29,0.41889384836446497
0.33,0.43140591663831696
0.25,0.3756360885047779
0.35,0.4282056280914469
0.31,0.47433616337824164
0.37,0.32219398540849636
0.3,0.5926070598767287
0.21,0.4108219145835465
0.22,0.34658232689083934
0.18,0.297621988120071
0.26,0.4242356066092443
0.28,0.38983753138137645
0.14,0.3665139173339309
0.3,0.3633198503349733
0.29,0.4683981341257312
0.2,0.41189872352049994
0.2,0.3249265810612085
0.32,0.47658603003492306
0.24,0.37423810292431303
0.18,0.32200098443470193
0.35,0.46273893732690735
0.32,0.4289433346042476
0.34,0.3573516001867851
0.27,0.3817321270093027
0.3,0.3283276303425833
0.22,0.5495268591930274
0.27,0.4781249705328503
0.3,0.3647890655377433
0.3,0.37314911787864985
0.26,0.39329720449551897
0.35,0.5277119050046309
0.25,0.35977334208291434
0.22,0.36325644800050694
0.02,0.27643557019070925
0.25,0.30635112944091086
0.33,0.39638354375112866
0.2,0.4888895443971725
0.33,0.48460262364418377
0.21,0.3714150074963525
0.36,0.25223178297323473
0.3,0.4904740715573147
0.09,0.3529646259546065
0.34,0.3728535571530323
0.06,0.3926056706729223
0.26,0.4336153261445445
0.3,0.48501975383608104
0.0,0.39184752330355865
0.35,0.4938375391106999
0.31,0.5065667212324958
0.29,0.4025851914082241
0.12,0.39906645137758184
0.22,0.5412118836161592
0.35,0.4180195929750254
0.25,0.3463037785885186
0.36,0.39123002179855493
0.17,0.3017349866554638
0.31,0.2984121362029068
0.31,0.3633778517150787
0.28,0.36539306508491587
0.26,0.41916076475283415
0.28,0.44385841160836886
0.69,0.46633570256434975
0.7,0.5454435491687849
0.71,0.7046546782318168
0.69,0.6045869322206743
0.68,0.6861691043775144
0.7,0.640504257459525
0.7,0.7032546133131435
0.7,0.6445072488673109
0.68,0.6241121147538727
0.69,0.6665444779230059
0.7,0.6768606637765043
0.69,0.7090673540568185
0.7,0.6636920125755621
0.71,0.6977984070380086
0.69,0.65547014604426
0.7,0.6153312449856126
0.71,0.7317098579947975
0.7,0.6335434329275685
0.7,0.5011276579170364
0.7,0.5856336670615323
0.69,0.4568333572384168
0.69,0.4556589193362748
0.69,0.7105754952033052
0.7,0.6223665784076782
0.67,0.47487641037864675
0.68,0.6697740326762218
0.7,0.5964964467318149
0.71,0.5422424908636689
0.67,0.4939493091284351
0.68,0.564431304411586
0.7,0.6791797111394605
0.68,0.5932586676961717
0.69,0.559576125900288
0.7,0.6018551335361667
0.7,0.44797659398526896
0.7,0.626894142417611
0.7,0.6607256440200152
0.71,0.6269102340195208
0.67,0.6404784145153128
0.7,0.6065520659549432
0.68,0.6273529960290349
0.68,0.4799107914095707
0.71,0.5360067324847525
0.69,0.7181837266362516
0.71,0.7241240456041692
0.71,0.5674857731242737
0.69,0.6048283279331048
0.71,0.44934225221798474
0.71,0.4796940659982074
0.71,0.721996441318649
0.71,0.45465396321203483
0.7,0.6432654090576978
0.7,0.5037140676468387
0.69,0.5893835111926574
0.69,0.5960179336652325
0.68,0.5327859810734671
0.68,0.37014573562593717
0.67,0.5225080608968068
0.68,0.5138655464960327
0.86,0.6606877671959938
0.82,0.6101797765276106
0.82,0.580992826936273
0.96,0.665518680708399
0.81,0.5239156796715391
0.92,0.6510114414174162
0.83,0.6749812404124055
0.87,0.5600374563499655
0.83,0.527502481600555
0.85,0.78301810142033
0.96,0.564432513056271
0.96,0.6851252946633885
0.97,0.6019648647331017
0.83,0.37092576577841807
0.96,0.48278504544622025
0.94,0.6361584061813713
0.94,0.725256547014703
0.84,0.6797378409242218
0.9,0.44543265875015675
0.83,0.7010993211541263
0.96,0.5335906098645588
0.89,0.5075790693867178
0.98,0.7016510663314763
0.89,0.8172237926850076
0.84,0.5064780080789743
0.85,0.5622229517854768
0.89,0.482834952937493
0.89,0.6174945887205602
1.0,0.6831177022926391
0.85,0.8095499216653187
0.99,0.6425248480190947
0.94,0.8027289281048554
0.89,0.6160682140286396
0.82,0.7303984143222101
0.96,0.7615160668981376
0.84,0.5266215835518394
0.9,0.7956856082075849
0.85,0.6913834897912358
0.81,0.5980557423005489
0.83,0.54339254929312
0.97,0.693125097470465
0.84,0.5559653843203168
0.84,0.7262912974642595
0.86,0.6761919733664061
0.86,0.7191898283206897
0.91,0.6783687755668606
0.9,0.4938705251297983
0.95,0.6762551893654501
0.83,0.7000541287742921
0.92,0.7216019378775078
0.87,0.5356924781700191
0.92,0.6656721579689394
0.82,0.7087288836523354
0.99,0.5867748641397689
0.84,0.7340384113112326
0.93,0.7368679437484469
0.96,0.611862047038737
0.84,0.626807870842494
0.96,0.7562295762506825
0.85,0.7607698005920115
0.92,0.6819051767227908
0.88,0.5244576984481077
0.87,0.5721787522200468
0.89,0.7094559760980049
0.85,0.6917707584592375
0.92,0.8359883394609171
0.86,0.36198411007670467
0.94,0.5911306028437201
0.82,0.8269405608965918
0.92,0.6705815934550459
0.85,0.7296628200473315
0.89,0.7212845558546106
0.87,0.671227426721381
0.86,0.7363336131325765
0.91,0.6401137286985817
0.88,0.4974079589599715
0.96,0.7958165714045969
0.93,0.7205054873223502
0.83,0.49691188307157397
0.98,0.768862557379616
0.85,0.7281971043382972
0.82,0.611043575666004
0.95,0.573048229449899
0.86,0.6664124849536676
0.83,0.6117793973454789
0.85,0.5547794310884705
0.86,0.6474297429635215
0.89,0.7185607635302761
0.85,0.570672898501698
0.88,0.708847275912341
0.98,0.7748508305212888
0.85,0.6615630468198334
0.83,0.6611210240687329
0.95,0.6855528914988583
0.89,0.6654673679696299
0.98,0.7138018676889425
0.86,0.7256322589793789
0.91,0.7178588594960782
0.87,0.5517054664639787
0.83,0.5426074099195789
0.84,0.6892192989609054
0.81,0.43463812923557477
0.84,0.6279829378947328
0.81,0.7187538710123337
0.84,0.8253110985512637
0.87,0.6178418287447928
0.92,0.710137496144201
0.96,0.6285610463617896
0.82,0.4446686291531048
0.92,0.7483173087419058
0.85,0.735345187114005
0.82,0.733915073654715
0.85,0.7075150589751598
0.96,0.663116375496546
0.92,0.7225552552980881
0.96,0.5989598884357742
0.85,0.7213192914460063
0.96,0.6582862597463345
0.87,0.7121645866737114
0.91,0.6995462166267317
0.87,0.7010240934713633
0.98,0.628017984061509
0.88,0.6211247152635095
0.86,0.6474961761460293
0.92,0.7751533841188738
0.83,0.5775978593089401
0.9,0.5677127156897247
0.99,0.8696161715370876
0.92,0.8135798303958802
0.87,0.6149367147331424
0.92,0.7559689495481895
0.95,0.6242386210282432
0.95,0.7441596916554462
0.9,0.566368099869647
0.99,0.699759864363457
0.86,0.7060386794177517
0.95,0.8367001272915678
0.85,0.7022445417744407
0.85,0.6364451998262018
0.85,0.7123226808628607
0.84,0.586837570757361
0.82,0.6753949356240038
0.83,0.4170850139496461
0.94,0.5447483201102433
0.94,0.7453760913503737
0.92,0.5067883142246337
0.82,0.6485341371628204
0.88,0.4639843922523218
0.91,0.37471972038735313
0.83,0.6710093014963635
0.82,0.6724067806801977
0.84,0.7694297161929711
0.91,0.513311307561463
0.88,0.5867227800743732
0.93,0.6240137272679618
0.87,0.5658758342783595
0.83,0.649516487037897
0.82,0.574371938131197
1.0,0.5960598422324669
0.86,0.7309492690776043
0.94,0.744937759733881
0.99,0.6273085829595421
0.95,0.7416456925405257
0.85,0.7627080455813324
0.81,0.569728090662858
0.93,0.6182572688084726
0.88,0.4313717506404111
0.85,0.6819443860846487
0.92,0.5790610896019903
0.82,0.7353325735342887
0.88,0.7219110745652054
0.85,0.7734503264706813
0.84,0.5799154929852799
0.96,0.6945181171795174
0.99,0.7624435112503639
0.9,0.6076600214660167
0.95,0.6606191582409248
0.82,0.7708108577377578
0.96,0.7493045660752143
0.86,0.5024059661771257
0.92,0.650252825884809
0.9,0.7875769207555926
0.83,0.5346590289597591
0.86,0.6016409674433696
0.84,0.658216518858129
0.85,0.44949398739205665
0.99,0.7730146637559151
0.93,0.7914858533612137
